"","common_name","W_len","AA_change_rad_or_not"
"1","Csou",0.986,0
"2","Csou",0.986,0
"3","Csou",0.986,0
"4","Csou",0.986,0
"5","Csou",0.986,0
"6","Csou",0.986,0
"7","Csou",0.986,0
"8","Csou",0.986,0
"9","Csou",0.986,0
"10","Csou",0.986,0
"11","Csou",0.986,0
"12","Csou",0.986,0
"13","Csou",0.986,0
"14","Csou",0.986,0
"15","Csou",0.986,0
"16","Csou",0.986,0
"17","Csou",0.986,0
"18","Csou",0.986,0
"19","Csou",0.986,0
"20","Csou",0.986,0
"21","Csou",0.986,0
"22","Csou",0.986,0
"23","Csou",0.986,0
"24","Csou",0.986,0
"25","Csou",0.986,0
"26","Csou",0.986,0
"27","Csou",0.986,0
"28","Csou",0.986,0
"29","Csou",0.986,0
"30","Csou",0.986,0
"31","Csou",0.986,0
"32","Csou",0.986,0
"33","Csou",0.986,0
"34","Csou",0.986,0
"35","Csou",0.986,0
"36","Csou",0.986,0
"37","Csou",0.986,0
"38","Csou",0.986,0
"39","Csou",0.986,0
"40","Csou",0.986,0
"41","Csou",0.986,0
"42","Csou",0.986,0
"43","Csou",0.986,0
"44","Csou",0.986,0
"45","Csou",0.986,0
"46","Csou",0.986,0
"47","Csou",0.986,0
"48","Csou",0.986,0
"49","Csou",0.986,0
"50","Csou",0.986,0
"51","Csou",0.986,0
"52","Csou",0.986,0
"53","Csou",0.986,0
"54","Csou",0.986,0
"55","Csou",0.986,0
"56","Csou",0.986,0
"57","Csou",0.986,0
"58","Csou",0.986,0
"59","Csou",0.986,0
"60","Csou",0.986,0
"61","Csou",0.986,0
"62","Csou",0.986,0
"63","Csou",0.986,0
"64","Csou",0.986,0
"65","Csou",0.986,0
"66","Csou",0.986,0
"67","Csou",0.986,0
"68","Csou",0.986,0
"69","Csou",0.986,0
"70","Csou",0.986,0
"71","Csou",0.986,0
"72","Csou",0.986,0
"73","Csou",0.986,0
"74","Csou",0.986,0
"75","Csou",0.986,0
"76","Csou",0.986,0
"77","Csou",0.986,0
"78","Csou",0.986,0
"79","Csou",0.986,0
"80","Csou",0.986,0
"81","Csou",0.986,0
"82","Csou",0.986,0
"83","Csou",0.986,0
"84","Csou",0.986,0
"85","Csou",0.986,0
"86","Csou",0.986,0
"87","Csou",0.986,0
"88","Csou",0.986,0
"89","Csou",0.986,0
"90","Csou",0.986,0
"91","Csou",0.986,0
"92","Csou",0.986,0
"93","Csou",0.986,0
"94","Csou",0.986,0
"95","Csou",0.986,0
"96","Csou",0.986,0
"97","Csou",0.986,0
"98","Csou",0.986,0
"99","Csou",0.986,1
"100","Csou",0.986,1
"101","Csou",0.986,1
"102","Ccin",0.99,0
"103","Ccin",0.99,0
"104","Ccin",0.99,0
"105","Ccin",0.99,0
"106","Ccin",0.99,0
"107","Ccin",0.99,0
"108","Ccin",0.99,0
"109","Ccin",0.99,0
"110","Ccin",0.99,0
"111","Ccin",0.99,0
"112","Ccin",0.99,0
"113","Ccin",0.99,0
"114","Ccin",0.99,0
"115","Ccin",0.99,0
"116","Ccin",0.99,0
"117","Ccin",0.99,0
"118","Ccin",0.99,0
"119","Ccin",0.99,0
"120","Ccin",0.99,0
"121","Ccin",0.99,0
"122","Ccin",0.99,0
"123","Ccin",0.99,0
"124","Ccin",0.99,0
"125","Ccin",0.99,0
"126","Ccin",0.99,0
"127","Ccin",0.99,0
"128","Ccin",0.99,0
"129","Ccin",0.99,0
"130","Ccin",0.99,0
"131","Ccin",0.99,0
"132","Ccin",0.99,0
"133","Ccin",0.99,0
"134","Ccin",0.99,0
"135","Ccin",0.99,0
"136","Ccin",0.99,0
"137","Ccin",0.99,0
"138","Ccin",0.99,0
"139","Ccin",0.99,0
"140","Ccin",0.99,0
"141","Ccin",0.99,0
"142","Ccin",0.99,0
"143","Ccin",0.99,0
"144","Ccin",0.99,0
"145","Ccin",0.99,0
"146","Ccin",0.99,0
"147","Ccin",0.99,0
"148","Ccin",0.99,0
"149","Ccin",0.99,0
"150","Ccin",0.99,0
"151","Ccin",0.99,0
"152","Ccin",0.99,0
"153","Ccin",0.99,0
"154","Ccin",0.99,0
"155","Ccin",0.99,0
"156","Ccin",0.99,0
"157","Ccin",0.99,0
"158","Ccin",0.99,0
"159","Ccin",0.99,0
"160","Ccin",0.99,0
"161","Ccin",0.99,0
"162","Ccin",0.99,0
"163","Ccin",0.99,0
"164","Ccin",0.99,0
"165","Ccin",0.99,0
"166","Ccin",0.99,0
"167","Ccin",0.99,0
"168","Ccin",0.99,0
"169","Ccin",0.99,0
"170","Ccin",0.99,0
"171","Ccin",0.99,0
"172","Ccin",0.99,0
"173","Ccin",0.99,0
"174","Ccin",0.99,0
"175","Ccin",0.99,0
"176","Ccin",0.99,0
"177","Ccin",0.99,0
"178","Ccin",0.99,0
"179","Ccin",0.99,0
"180","Ccin",0.99,0
"181","Ccin",0.99,0
"182","Ccin",0.99,0
"183","Ccin",0.99,0
"184","Ccin",0.99,0
"185","Ccin",0.99,0
"186","Ccin",0.99,0
"187","Ccin",0.99,0
"188","Ccin",0.99,0
"189","Ccin",0.99,0
"190","Ccin",0.99,0
"191","Ccin",0.99,0
"192","Ccin",0.99,0
"193","Ccin",0.99,0
"194","Ccin",0.99,0
"195","Ccin",0.99,0
"196","Ccin",0.99,0
"197","Ccin",0.99,0
"198","Ccin",0.99,0
"199","Ccin",0.99,0
"200","Ccin",0.99,0
"201","Ccin",0.99,0
"202","Ccin",0.99,0
"203","Ccin",0.99,0
"204","Ccin",0.99,0
"205","Ccin",0.99,0
"206","Ccin",0.99,0
"207","Ccin",0.99,0
"208","Ccin",0.99,0
"209","Ccin",0.99,0
"210","Ccin",0.99,0
"211","Ccin",0.99,0
"212","Ccin",0.99,0
"213","Ccin",0.99,0
"214","Ccin",0.99,0
"215","Ccin",0.99,0
"216","Ccin",0.99,0
"217","Ccin",0.99,0
"218","Ccin",0.99,0
"219","Ccin",0.99,0
"220","Ccin",0.99,0
"221","Ccin",0.99,0
"222","Ccin",0.99,0
"223","Ccin",0.99,0
"224","Ccin",0.99,0
"225","Ccin",0.99,0
"226","Ccin",0.99,0
"227","Ccin",0.99,0
"228","Ccin",0.99,0
"229","Ccin",0.99,0
"230","Ccin",0.99,0
"231","Ccin",0.99,0
"232","Ccin",0.99,0
"233","Ccin",0.99,1
"234","Ccin",0.99,1
"235","Ccin",0.99,1
"236","Ccin",0.99,1
"237","Ccin",0.99,1
"238","Cund",0.975,0
"239","Cund",0.975,0
"240","Cund",0.975,0
"241","Cund",0.975,0
"242","Cund",0.975,0
"243","Cund",0.975,0
"244","Cund",0.975,0
"245","Cund",0.975,0
"246","Cund",0.975,0
"247","Cund",0.975,0
"248","Cund",0.975,0
"249","Cund",0.975,0
"250","Cund",0.975,0
"251","Cund",0.975,0
"252","Cund",0.975,0
"253","Cund",0.975,0
"254","Cund",0.975,0
"255","Cund",0.975,0
"256","Cund",0.975,0
"257","Cund",0.975,0
"258","Cund",0.975,0
"259","Cund",0.975,0
"260","Cund",0.975,0
"261","Cund",0.975,0
"262","Cund",0.975,0
"263","Cund",0.975,0
"264","Cund",0.975,0
"265","Cund",0.975,0
"266","Cund",0.975,0
"267","Cund",0.975,0
"268","Cund",0.975,0
"269","Cund",0.975,0
"270","Cund",0.975,0
"271","Cund",0.975,0
"272","Cund",0.975,0
"273","Cund",0.975,0
"274","Cund",0.975,0
"275","Cund",0.975,0
"276","Cund",0.975,0
"277","Cund",0.975,0
"278","Cund",0.975,0
"279","Cund",0.975,0
"280","Cund",0.975,0
"281","Cund",0.975,0
"282","Cund",0.975,0
"283","Cund",0.975,0
"284","Cund",0.975,0
"285","Cund",0.975,0
"286","Cund",0.975,0
"287","Cund",0.975,0
"288","Cund",0.975,0
"289","Cund",0.975,0
"290","Cund",0.975,0
"291","Cund",0.975,0
"292","Cund",0.975,0
"293","Cund",0.975,0
"294","Cund",0.975,0
"295","Cund",0.975,0
"296","Cund",0.975,0
"297","Cund",0.975,0
"298","Cund",0.975,0
"299","Cund",0.975,0
"300","Cund",0.975,0
"301","Cund",0.975,0
"302","Cund",0.975,0
"303","Cund",0.975,0
"304","Cund",0.975,0
"305","Cund",0.975,0
"306","Cund",0.975,0
"307","Cund",0.975,0
"308","Cund",0.975,0
"309","Cund",0.975,0
"310","Cund",0.975,0
"311","Cund",0.975,0
"312","Cund",0.975,0
"313","Cund",0.975,0
"314","Cund",0.975,0
"315","Cund",0.975,0
"316","Cund",0.975,0
"317","Cund",0.975,0
"318","Cund",0.975,0
"319","Cund",0.975,0
"320","Cund",0.975,0
"321","Cund",0.975,0
"322","Cund",0.975,0
"323","Cund",0.975,0
"324","Cund",0.975,0
"325","Cund",0.975,0
"326","Cund",0.975,0
"327","Cund",0.975,0
"328","Cund",0.975,0
"329","Cund",0.975,0
"330","Cund",0.975,0
"331","Cund",0.975,0
"332","Cund",0.975,0
"333","Cund",0.975,0
"334","Cund",0.975,0
"335","Cund",0.975,0
"336","Cund",0.975,0
"337","Cund",0.975,0
"338","Cund",0.975,0
"339","Cund",0.975,0
"340","Cund",0.975,0
"341","Cund",0.975,0
"342","Cund",0.975,0
"343","Cund",0.975,0
"344","Cund",0.975,0
"345","Cund",0.975,0
"346","Cund",0.975,0
"347","Cund",0.975,0
"348","Cund",0.975,0
"349","Cund",0.975,0
"350","Cund",0.975,0
"351","Cund",0.975,0
"352","Cund",0.975,0
"353","Cund",0.975,0
"354","Cund",0.975,0
"355","Cund",0.975,0
"356","Cund",0.975,0
"357","Cund",0.975,0
"358","Cund",0.975,0
"359","Cund",0.975,0
"360","Cund",0.975,0
"361","Cund",0.975,0
"362","Cund",0.975,0
"363","Cund",0.975,0
"364","Cund",0.975,0
"365","Cund",0.975,0
"366","Cund",0.975,0
"367","Cund",0.975,0
"368","Cund",0.975,0
"369","Cund",0.975,0
"370","Cund",0.975,0
"371","Cund",0.975,0
"372","Cund",0.975,0
"373","Cund",0.975,0
"374","Cund",0.975,0
"375","Cund",0.975,0
"376","Cund",0.975,0
"377","Cund",0.975,0
"378","Cund",0.975,0
"379","Cund",0.975,0
"380","Cund",0.975,0
"381","Cund",0.975,0
"382","Cund",0.975,0
"383","Cund",0.975,0
"384","Cund",0.975,0
"385","Cund",0.975,0
"386","Cund",0.975,0
"387","Cund",0.975,0
"388","Cund",0.975,0
"389","Cund",0.975,0
"390","Cund",0.975,0
"391","Cund",0.975,0
"392","Cund",0.975,0
"393","Cund",0.975,0
"394","Cund",0.975,0
"395","Cund",0.975,0
"396","Cund",0.975,0
"397","Cund",0.975,0
"398","Cund",0.975,0
"399","Cund",0.975,0
"400","Cund",0.975,0
"401","Cund",0.975,0
"402","Cund",0.975,0
"403","Cund",0.975,0
"404","Cund",0.975,0
"405","Cund",0.975,0
"406","Cund",0.975,0
"407","Cund",0.975,0
"408","Cund",0.975,0
"409","Cund",0.975,0
"410","Cund",0.975,0
"411","Cund",0.975,0
"412","Cund",0.975,0
"413","Cund",0.975,0
"414","Cund",0.975,0
"415","Cund",0.975,0
"416","Cund",0.975,0
"417","Cund",0.975,0
"418","Cund",0.975,0
"419","Cund",0.975,0
"420","Cund",0.975,0
"421","Cund",0.975,0
"422","Cund",0.975,0
"423","Cund",0.975,0
"424","Cund",0.975,0
"425","Cund",0.975,0
"426","Cund",0.975,0
"427","Cund",0.975,0
"428","Cund",0.975,0
"429","Cund",0.975,0
"430","Cund",0.975,0
"431","Cund",0.975,0
"432","Cund",0.975,0
"433","Cund",0.975,0
"434","Cund",0.975,0
"435","Cund",0.975,0
"436","Cund",0.975,0
"437","Cund",0.975,0
"438","Cund",0.975,0
"439","Cund",0.975,0
"440","Cund",0.975,0
"441","Cund",0.975,0
"442","Cund",0.975,0
"443","Cund",0.975,0
"444","Cund",0.975,0
"445","Cund",0.975,0
"446","Cund",0.975,0
"447","Cund",0.975,0
"448","Cund",0.975,0
"449","Cund",0.975,0
"450","Cund",0.975,0
"451","Cund",0.975,0
"452","Cund",0.975,0
"453","Cund",0.975,0
"454","Cund",0.975,0
"455","Cund",0.975,0
"456","Cund",0.975,0
"457","Cund",0.975,0
"458","Cund",0.975,0
"459","Cund",0.975,0
"460","Cund",0.975,0
"461","Cund",0.975,0
"462","Cund",0.975,0
"463","Cund",0.975,0
"464","Cund",0.975,0
"465","Cund",0.975,1
"466","Cund",0.975,1
"467","Cund",0.975,1
"468","Cund",0.975,1
"469","Cund",0.975,1
"470","Cund",0.975,1
"471","Cund",0.975,1
"472","Cund",0.975,1
"473","Cund",0.975,1
"474","Cund",0.975,1
"475","Cund",0.975,1
"476","Cund",0.975,1
"477","Cund",0.975,1
"478","Cund",0.975,1
"479","Cund",0.975,1
"480","Cund",0.975,1
"481","Cund",0.975,1
"482","Cund",0.975,1
"483","Cund",0.975,1
"484","Tgut",0.983,0
"485","Tgut",0.983,0
"486","Tgut",0.983,0
"487","Tgut",0.983,0
"488","Tgut",0.983,0
"489","Tgut",0.983,0
"490","Tgut",0.983,0
"491","Tgut",0.983,0
"492","Tgut",0.983,0
"493","Tgut",0.983,0
"494","Tgut",0.983,0
"495","Tgut",0.983,0
"496","Tgut",0.983,0
"497","Tgut",0.983,0
"498","Tgut",0.983,0
"499","Tgut",0.983,0
"500","Tgut",0.983,0
"501","Tgut",0.983,0
"502","Tgut",0.983,0
"503","Tgut",0.983,0
"504","Tgut",0.983,0
"505","Tgut",0.983,0
"506","Tgut",0.983,0
"507","Tgut",0.983,0
"508","Tgut",0.983,0
"509","Tgut",0.983,0
"510","Tgut",0.983,0
"511","Tgut",0.983,0
"512","Tgut",0.983,0
"513","Tgut",0.983,0
"514","Tgut",0.983,0
"515","Tgut",0.983,0
"516","Tgut",0.983,0
"517","Tgut",0.983,0
"518","Tgut",0.983,0
"519","Tgut",0.983,0
"520","Tgut",0.983,0
"521","Tgut",0.983,0
"522","Tgut",0.983,0
"523","Tgut",0.983,0
"524","Tgut",0.983,0
"525","Tgut",0.983,0
"526","Tgut",0.983,0
"527","Tgut",0.983,0
"528","Tgut",0.983,0
"529","Tgut",0.983,0
"530","Tgut",0.983,0
"531","Tgut",0.983,0
"532","Tgut",0.983,0
"533","Tgut",0.983,0
"534","Tgut",0.983,0
"535","Tgut",0.983,0
"536","Tgut",0.983,0
"537","Tgut",0.983,0
"538","Tgut",0.983,0
"539","Tgut",0.983,0
"540","Tgut",0.983,0
"541","Tgut",0.983,0
"542","Tgut",0.983,0
"543","Tgut",0.983,0
"544","Tgut",0.983,0
"545","Tgut",0.983,0
"546","Tgut",0.983,0
"547","Tgut",0.983,0
"548","Tgut",0.983,0
"549","Tgut",0.983,0
"550","Tgut",0.983,0
"551","Tgut",0.983,0
"552","Tgut",0.983,0
"553","Tgut",0.983,0
"554","Tgut",0.983,0
"555","Tgut",0.983,0
"556","Tgut",0.983,0
"557","Tgut",0.983,0
"558","Tgut",0.983,0
"559","Tgut",0.983,0
"560","Tgut",0.983,0
"561","Tgut",0.983,0
"562","Tgut",0.983,0
"563","Tgut",0.983,0
"564","Tgut",0.983,0
"565","Tgut",0.983,0
"566","Tgut",0.983,0
"567","Tgut",0.983,0
"568","Tgut",0.983,0
"569","Tgut",0.983,0
"570","Tgut",0.983,0
"571","Tgut",0.983,0
"572","Tgut",0.983,0
"573","Tgut",0.983,0
"574","Tgut",0.983,0
"575","Tgut",0.983,0
"576","Tgut",0.983,0
"577","Tgut",0.983,0
"578","Tgut",0.983,0
"579","Tgut",0.983,0
"580","Tgut",0.983,0
"581","Tgut",0.983,0
"582","Tgut",0.983,0
"583","Tgut",0.983,0
"584","Tgut",0.983,0
"585","Tgut",0.983,0
"586","Tgut",0.983,0
"587","Tgut",0.983,0
"588","Tgut",0.983,0
"589","Tgut",0.983,0
"590","Tgut",0.983,0
"591","Tgut",0.983,0
"592","Tgut",0.983,0
"593","Tgut",0.983,0
"594","Tgut",0.983,0
"595","Tgut",0.983,0
"596","Tgut",0.983,0
"597","Tgut",0.983,0
"598","Tgut",0.983,0
"599","Tgut",0.983,0
"600","Tgut",0.983,0
"601","Tgut",0.983,0
"602","Tgut",0.983,0
"603","Tgut",0.983,0
"604","Tgut",0.983,0
"605","Tgut",0.983,0
"606","Tgut",0.983,0
"607","Tgut",0.983,0
"608","Tgut",0.983,0
"609","Tgut",0.983,0
"610","Tgut",0.983,0
"611","Tgut",0.983,0
"612","Tgut",0.983,0
"613","Tgut",0.983,0
"614","Tgut",0.983,0
"615","Tgut",0.983,0
"616","Tgut",0.983,0
"617","Tgut",0.983,0
"618","Tgut",0.983,0
"619","Tgut",0.983,0
"620","Tgut",0.983,0
"621","Tgut",0.983,0
"622","Tgut",0.983,0
"623","Tgut",0.983,0
"624","Tgut",0.983,0
"625","Tgut",0.983,0
"626","Tgut",0.983,0
"627","Tgut",0.983,0
"628","Tgut",0.983,0
"629","Tgut",0.983,0
"630","Tgut",0.983,0
"631","Tgut",0.983,0
"632","Tgut",0.983,0
"633","Tgut",0.983,0
"634","Tgut",0.983,0
"635","Tgut",0.983,0
"636","Tgut",0.983,0
"637","Tgut",0.983,0
"638","Tgut",0.983,0
"639","Tgut",0.983,0
"640","Tgut",0.983,0
"641","Tgut",0.983,0
"642","Tgut",0.983,0
"643","Tgut",0.983,0
"644","Tgut",0.983,0
"645","Tgut",0.983,0
"646","Tgut",0.983,0
"647","Tgut",0.983,0
"648","Tgut",0.983,0
"649","Tgut",0.983,0
"650","Tgut",0.983,0
"651","Tgut",0.983,0
"652","Tgut",0.983,0
"653","Tgut",0.983,0
"654","Tgut",0.983,0
"655","Tgut",0.983,0
"656","Tgut",0.983,0
"657","Tgut",0.983,0
"658","Tgut",0.983,0
"659","Tgut",0.983,0
"660","Tgut",0.983,0
"661","Tgut",0.983,0
"662","Tgut",0.983,0
"663","Tgut",0.983,0
"664","Tgut",0.983,0
"665","Tgut",0.983,0
"666","Tgut",0.983,0
"667","Tgut",0.983,0
"668","Tgut",0.983,0
"669","Tgut",0.983,0
"670","Tgut",0.983,0
"671","Tgut",0.983,0
"672","Tgut",0.983,0
"673","Tgut",0.983,0
"674","Tgut",0.983,0
"675","Tgut",0.983,0
"676","Tgut",0.983,0
"677","Tgut",0.983,0
"678","Tgut",0.983,0
"679","Tgut",0.983,0
"680","Tgut",0.983,0
"681","Tgut",0.983,0
"682","Tgut",0.983,0
"683","Tgut",0.983,0
"684","Tgut",0.983,0
"685","Tgut",0.983,0
"686","Tgut",0.983,0
"687","Tgut",0.983,0
"688","Tgut",0.983,0
"689","Tgut",0.983,0
"690","Tgut",0.983,0
"691","Tgut",0.983,0
"692","Tgut",0.983,0
"693","Tgut",0.983,0
"694","Tgut",0.983,0
"695","Tgut",0.983,0
"696","Tgut",0.983,0
"697","Tgut",0.983,0
"698","Tgut",0.983,0
"699","Tgut",0.983,0
"700","Tgut",0.983,0
"701","Tgut",0.983,0
"702","Tgut",0.983,0
"703","Tgut",0.983,0
"704","Tgut",0.983,0
"705","Tgut",0.983,0
"706","Tgut",0.983,0
"707","Tgut",0.983,0
"708","Tgut",0.983,0
"709","Tgut",0.983,0
"710","Tgut",0.983,0
"711","Tgut",0.983,0
"712","Tgut",0.983,0
"713","Tgut",0.983,0
"714","Tgut",0.983,0
"715","Tgut",0.983,0
"716","Tgut",0.983,0
"717","Tgut",0.983,0
"718","Tgut",0.983,0
"719","Tgut",0.983,0
"720","Tgut",0.983,0
"721","Tgut",0.983,0
"722","Tgut",0.983,0
"723","Tgut",0.983,0
"724","Tgut",0.983,0
"725","Tgut",0.983,0
"726","Tgut",0.983,0
"727","Tgut",0.983,0
"728","Tgut",0.983,0
"729","Tgut",0.983,0
"730","Tgut",0.983,0
"731","Tgut",0.983,0
"732","Tgut",0.983,0
"733","Tgut",0.983,0
"734","Tgut",0.983,0
"735","Tgut",0.983,0
"736","Tgut",0.983,0
"737","Tgut",0.983,0
"738","Tgut",0.983,0
"739","Tgut",0.983,0
"740","Tgut",0.983,0
"741","Tgut",0.983,0
"742","Tgut",0.983,0
"743","Tgut",0.983,0
"744","Tgut",0.983,0
"745","Tgut",0.983,0
"746","Tgut",0.983,0
"747","Tgut",0.983,0
"748","Tgut",0.983,0
"749","Tgut",0.983,0
"750","Tgut",0.983,0
"751","Tgut",0.983,0
"752","Tgut",0.983,0
"753","Tgut",0.983,0
"754","Tgut",0.983,0
"755","Tgut",0.983,0
"756","Tgut",0.983,0
"757","Tgut",0.983,0
"758","Tgut",0.983,0
"759","Tgut",0.983,0
"760","Tgut",0.983,0
"761","Tgut",0.983,0
"762","Tgut",0.983,0
"763","Tgut",0.983,0
"764","Tgut",0.983,0
"765","Tgut",0.983,0
"766","Tgut",0.983,0
"767","Tgut",0.983,0
"768","Tgut",0.983,0
"769","Tgut",0.983,0
"770","Tgut",0.983,0
"771","Tgut",0.983,0
"772","Tgut",0.983,0
"773","Tgut",0.983,0
"774","Tgut",0.983,0
"775","Tgut",0.983,0
"776","Tgut",0.983,0
"777","Tgut",0.983,0
"778","Tgut",0.983,0
"779","Tgut",0.983,0
"780","Tgut",0.983,0
"781","Tgut",0.983,0
"782","Tgut",0.983,0
"783","Tgut",0.983,0
"784","Tgut",0.983,0
"785","Tgut",0.983,0
"786","Tgut",0.983,0
"787","Tgut",0.983,0
"788","Tgut",0.983,0
"789","Tgut",0.983,0
"790","Tgut",0.983,0
"791","Tgut",0.983,0
"792","Tgut",0.983,0
"793","Tgut",0.983,0
"794","Tgut",0.983,0
"795","Tgut",0.983,0
"796","Tgut",0.983,0
"797","Tgut",0.983,0
"798","Tgut",0.983,0
"799","Tgut",0.983,0
"800","Tgut",0.983,0
"801","Tgut",0.983,0
"802","Tgut",0.983,0
"803","Tgut",0.983,0
"804","Tgut",0.983,0
"805","Tgut",0.983,0
"806","Tgut",0.983,0
"807","Tgut",0.983,0
"808","Tgut",0.983,0
"809","Tgut",0.983,0
"810","Tgut",0.983,0
"811","Tgut",0.983,0
"812","Tgut",0.983,0
"813","Tgut",0.983,0
"814","Tgut",0.983,0
"815","Tgut",0.983,0
"816","Tgut",0.983,1
"817","Tgut",0.983,1
"818","Tgut",0.983,1
"819","Tgut",0.983,1
"820","Tgut",0.983,1
"821","Tgut",0.983,1
"822","Tgut",0.983,1
"823","Tgut",0.983,1
"824","Tgut",0.983,1
"825","Tgut",0.983,1
"826","Tgut",0.983,1
"827","Tgut",0.983,1
"828","Tgut",0.983,1
"829","Tgut",0.983,1
"830","Tgut",0.983,1
"831","Tgut",0.983,1
"832","Tgut",0.983,1
"833","Tgut",0.983,1
"834","Tgut",0.983,1
"835","Tgut",0.983,1
"836","Tgut",0.983,1
"837","Tgut",0.983,1
"838","Tgut",0.983,1
"839","Tgut",0.983,1
"840","Tgut",0.983,1
"841","Tgut",0.983,1
"842","Tgut",0.983,1
"843","Tgut",0.983,1
"844","Tgut",0.983,1
"845","Tgut",0.983,1
"846","Tgut",0.983,1
"847","Tgut",0.983,1
"848","Tgut",0.983,1
"849","Tgut",0.983,1
"850","Njul",0.51,0
"851","Njul",0.51,0
"852","Njul",0.51,0
"853","Njul",0.51,0
"854","Njul",0.51,0
"855","Njul",0.51,0
"856","Njul",0.51,0
"857","Njul",0.51,0
"858","Njul",0.51,0
"859","Njul",0.51,0
"860","Njul",0.51,0
"861","Njul",0.51,0
"862","Njul",0.51,0
"863","Njul",0.51,0
"864","Njul",0.51,0
"865","Njul",0.51,0
"866","Njul",0.51,0
"867","Njul",0.51,0
"868","Njul",0.51,0
"869","Njul",0.51,0
"870","Njul",0.51,0
"871","Njul",0.51,0
"872","Njul",0.51,0
"873","Njul",0.51,0
"874","Njul",0.51,0
"875","Njul",0.51,0
"876","Njul",0.51,0
"877","Njul",0.51,0
"878","Njul",0.51,0
"879","Njul",0.51,0
"880","Njul",0.51,0
"881","Njul",0.51,0
"882","Njul",0.51,0
"883","Njul",0.51,0
"884","Njul",0.51,0
"885","Njul",0.51,0
"886","Njul",0.51,0
"887","Njul",0.51,0
"888","Njul",0.51,0
"889","Njul",0.51,0
"890","Njul",0.51,0
"891","Njul",0.51,0
"892","Njul",0.51,0
"893","Njul",0.51,0
"894","Njul",0.51,0
"895","Njul",0.51,0
"896","Njul",0.51,0
"897","Njul",0.51,0
"898","Njul",0.51,0
"899","Njul",0.51,0
"900","Njul",0.51,0
"901","Njul",0.51,0
"902","Njul",0.51,0
"903","Njul",0.51,0
"904","Njul",0.51,0
"905","Njul",0.51,0
"906","Njul",0.51,0
"907","Njul",0.51,0
"908","Njul",0.51,0
"909","Njul",0.51,0
"910","Njul",0.51,0
"911","Njul",0.51,0
"912","Njul",0.51,0
"913","Njul",0.51,0
"914","Njul",0.51,0
"915","Njul",0.51,0
"916","Njul",0.51,0
"917","Njul",0.51,0
"918","Njul",0.51,0
"919","Njul",0.51,0
"920","Njul",0.51,0
"921","Njul",0.51,0
"922","Njul",0.51,0
"923","Njul",0.51,0
"924","Njul",0.51,0
"925","Njul",0.51,0
"926","Njul",0.51,0
"927","Njul",0.51,0
"928","Njul",0.51,0
"929","Njul",0.51,0
"930","Njul",0.51,0
"931","Njul",0.51,0
"932","Njul",0.51,0
"933","Njul",0.51,0
"934","Njul",0.51,0
"935","Njul",0.51,0
"936","Njul",0.51,0
"937","Njul",0.51,0
"938","Njul",0.51,0
"939","Njul",0.51,0
"940","Njul",0.51,0
"941","Njul",0.51,0
"942","Njul",0.51,0
"943","Njul",0.51,0
"944","Njul",0.51,0
"945","Njul",0.51,0
"946","Njul",0.51,0
"947","Njul",0.51,0
"948","Njul",0.51,0
"949","Njul",0.51,0
"950","Njul",0.51,0
"951","Njul",0.51,0
"952","Njul",0.51,0
"953","Njul",0.51,0
"954","Njul",0.51,0
"955","Njul",0.51,0
"956","Njul",0.51,0
"957","Njul",0.51,0
"958","Njul",0.51,0
"959","Njul",0.51,0
"960","Njul",0.51,0
"961","Njul",0.51,0
"962","Njul",0.51,0
"963","Njul",0.51,0
"964","Njul",0.51,0
"965","Njul",0.51,0
"966","Njul",0.51,0
"967","Njul",0.51,0
"968","Njul",0.51,0
"969","Njul",0.51,0
"970","Njul",0.51,0
"971","Njul",0.51,0
"972","Njul",0.51,0
"973","Njul",0.51,0
"974","Njul",0.51,0
"975","Njul",0.51,0
"976","Njul",0.51,0
"977","Njul",0.51,0
"978","Njul",0.51,0
"979","Njul",0.51,0
"980","Njul",0.51,0
"981","Njul",0.51,0
"982","Njul",0.51,0
"983","Njul",0.51,0
"984","Njul",0.51,0
"985","Njul",0.51,0
"986","Njul",0.51,0
"987","Njul",0.51,0
"988","Njul",0.51,0
"989","Njul",0.51,0
"990","Njul",0.51,0
"991","Njul",0.51,0
"992","Njul",0.51,0
"993","Njul",0.51,0
"994","Njul",0.51,0
"995","Njul",0.51,0
"996","Njul",0.51,0
"997","Njul",0.51,0
"998","Njul",0.51,0
"999","Njul",0.51,0
"1000","Njul",0.51,0
"1001","Njul",0.51,0
"1002","Njul",0.51,0
"1003","Njul",0.51,0
"1004","Njul",0.51,0
"1005","Njul",0.51,0
"1006","Njul",0.51,0
"1007","Njul",0.51,0
"1008","Njul",0.51,0
"1009","Njul",0.51,0
"1010","Njul",0.51,0
"1011","Njul",0.51,0
"1012","Njul",0.51,0
"1013","Njul",0.51,0
"1014","Njul",0.51,0
"1015","Njul",0.51,0
"1016","Njul",0.51,0
"1017","Njul",0.51,0
"1018","Njul",0.51,0
"1019","Njul",0.51,0
"1020","Njul",0.51,0
"1021","Njul",0.51,0
"1022","Njul",0.51,0
"1023","Njul",0.51,0
"1024","Njul",0.51,0
"1025","Njul",0.51,0
"1026","Njul",0.51,0
"1027","Njul",0.51,0
"1028","Njul",0.51,0
"1029","Njul",0.51,0
"1030","Njul",0.51,0
"1031","Njul",0.51,0
"1032","Njul",0.51,0
"1033","Njul",0.51,0
"1034","Njul",0.51,0
"1035","Njul",0.51,0
"1036","Njul",0.51,0
"1037","Njul",0.51,0
"1038","Njul",0.51,0
"1039","Njul",0.51,0
"1040","Njul",0.51,0
"1041","Njul",0.51,0
"1042","Njul",0.51,0
"1043","Njul",0.51,0
"1044","Njul",0.51,0
"1045","Njul",0.51,0
"1046","Njul",0.51,0
"1047","Njul",0.51,0
"1048","Njul",0.51,0
"1049","Njul",0.51,0
"1050","Njul",0.51,0
"1051","Njul",0.51,0
"1052","Njul",0.51,0
"1053","Njul",0.51,0
"1054","Njul",0.51,0
"1055","Njul",0.51,0
"1056","Njul",0.51,0
"1057","Njul",0.51,0
"1058","Njul",0.51,0
"1059","Njul",0.51,0
"1060","Njul",0.51,0
"1061","Njul",0.51,0
"1062","Njul",0.51,0
"1063","Njul",0.51,0
"1064","Njul",0.51,0
"1065","Njul",0.51,0
"1066","Njul",0.51,0
"1067","Njul",0.51,0
"1068","Njul",0.51,0
"1069","Njul",0.51,0
"1070","Njul",0.51,0
"1071","Njul",0.51,0
"1072","Njul",0.51,0
"1073","Njul",0.51,0
"1074","Njul",0.51,0
"1075","Njul",0.51,0
"1076","Njul",0.51,0
"1077","Njul",0.51,0
"1078","Njul",0.51,0
"1079","Njul",0.51,0
"1080","Njul",0.51,0
"1081","Njul",0.51,0
"1082","Njul",0.51,0
"1083","Njul",0.51,0
"1084","Njul",0.51,0
"1085","Njul",0.51,0
"1086","Njul",0.51,0
"1087","Njul",0.51,0
"1088","Njul",0.51,0
"1089","Njul",0.51,0
"1090","Njul",0.51,0
"1091","Njul",0.51,0
"1092","Njul",0.51,0
"1093","Njul",0.51,0
"1094","Njul",0.51,0
"1095","Njul",0.51,0
"1096","Njul",0.51,0
"1097","Njul",0.51,0
"1098","Njul",0.51,0
"1099","Njul",0.51,0
"1100","Njul",0.51,0
"1101","Njul",0.51,0
"1102","Njul",0.51,0
"1103","Njul",0.51,0
"1104","Njul",0.51,0
"1105","Njul",0.51,0
"1106","Njul",0.51,0
"1107","Njul",0.51,0
"1108","Njul",0.51,0
"1109","Njul",0.51,0
"1110","Njul",0.51,0
"1111","Njul",0.51,0
"1112","Njul",0.51,1
"1113","Njul",0.51,1
"1114","Njul",0.51,1
"1115","Njul",0.51,1
"1116","Njul",0.51,1
"1117","Njul",0.51,1
"1118","Njul",0.51,1
"1119","Njul",0.51,1
"1120","Njul",0.51,1
"1121","Njul",0.51,1
"1122","Njul",0.51,1
"1123","Njul",0.51,1
"1124","Njul",0.51,1
"1125","Njul",0.51,1
"1126","Njul",0.51,1
"1127","Njul",0.51,1
"1128","Njul",0.51,1
"1129","Nnig",0.51,0
"1130","Nnig",0.51,0
"1131","Nnig",0.51,0
"1132","Nnig",0.51,0
"1133","Nnig",0.51,0
"1134","Nnig",0.51,0
"1135","Nnig",0.51,0
"1136","Nnig",0.51,0
"1137","Nnig",0.51,0
"1138","Nnig",0.51,0
"1139","Nnig",0.51,0
"1140","Nnig",0.51,0
"1141","Nnig",0.51,0
"1142","Nnig",0.51,0
"1143","Nnig",0.51,0
"1144","Nnig",0.51,0
"1145","Nnig",0.51,0
"1146","Nnig",0.51,0
"1147","Nnig",0.51,0
"1148","Nnig",0.51,0
"1149","Nnig",0.51,0
"1150","Nnig",0.51,0
"1151","Nnig",0.51,0
"1152","Nnig",0.51,0
"1153","Nnig",0.51,0
"1154","Nnig",0.51,0
"1155","Nnig",0.51,0
"1156","Nnig",0.51,0
"1157","Nnig",0.51,0
"1158","Nnig",0.51,0
"1159","Nnig",0.51,0
"1160","Nnig",0.51,0
"1161","Nnig",0.51,0
"1162","Nnig",0.51,0
"1163","Nnig",0.51,0
"1164","Nnig",0.51,0
"1165","Nnig",0.51,0
"1166","Nnig",0.51,0
"1167","Nnig",0.51,0
"1168","Nnig",0.51,0
"1169","Nnig",0.51,0
"1170","Nnig",0.51,0
"1171","Nnig",0.51,0
"1172","Nnig",0.51,0
"1173","Nnig",0.51,0
"1174","Nnig",0.51,0
"1175","Nnig",0.51,0
"1176","Nnig",0.51,0
"1177","Nnig",0.51,0
"1178","Nnig",0.51,0
"1179","Nnig",0.51,0
"1180","Nnig",0.51,0
"1181","Nnig",0.51,0
"1182","Nnig",0.51,0
"1183","Nnig",0.51,0
"1184","Nnig",0.51,0
"1185","Nnig",0.51,0
"1186","Nnig",0.51,0
"1187","Nnig",0.51,0
"1188","Nnig",0.51,0
"1189","Nnig",0.51,0
"1190","Nnig",0.51,0
"1191","Nnig",0.51,0
"1192","Nnig",0.51,0
"1193","Nnig",0.51,0
"1194","Nnig",0.51,0
"1195","Nnig",0.51,0
"1196","Nnig",0.51,0
"1197","Nnig",0.51,0
"1198","Nnig",0.51,0
"1199","Nnig",0.51,0
"1200","Nnig",0.51,0
"1201","Nnig",0.51,0
"1202","Nnig",0.51,0
"1203","Nnig",0.51,0
"1204","Nnig",0.51,0
"1205","Nnig",0.51,0
"1206","Nnig",0.51,0
"1207","Nnig",0.51,0
"1208","Nnig",0.51,0
"1209","Nnig",0.51,0
"1210","Nnig",0.51,0
"1211","Nnig",0.51,0
"1212","Nnig",0.51,0
"1213","Nnig",0.51,0
"1214","Nnig",0.51,0
"1215","Nnig",0.51,0
"1216","Nnig",0.51,0
"1217","Nnig",0.51,0
"1218","Nnig",0.51,0
"1219","Nnig",0.51,0
"1220","Nnig",0.51,0
"1221","Nnig",0.51,0
"1222","Nnig",0.51,0
"1223","Nnig",0.51,0
"1224","Nnig",0.51,0
"1225","Nnig",0.51,0
"1226","Nnig",0.51,0
"1227","Nnig",0.51,0
"1228","Nnig",0.51,0
"1229","Nnig",0.51,0
"1230","Nnig",0.51,0
"1231","Nnig",0.51,0
"1232","Nnig",0.51,0
"1233","Nnig",0.51,0
"1234","Nnig",0.51,0
"1235","Nnig",0.51,0
"1236","Nnig",0.51,0
"1237","Nnig",0.51,0
"1238","Nnig",0.51,0
"1239","Nnig",0.51,0
"1240","Nnig",0.51,0
"1241","Nnig",0.51,0
"1242","Nnig",0.51,0
"1243","Nnig",0.51,0
"1244","Nnig",0.51,0
"1245","Nnig",0.51,0
"1246","Nnig",0.51,0
"1247","Nnig",0.51,0
"1248","Nnig",0.51,0
"1249","Nnig",0.51,0
"1250","Nnig",0.51,0
"1251","Nnig",0.51,0
"1252","Nnig",0.51,0
"1253","Nnig",0.51,0
"1254","Nnig",0.51,0
"1255","Nnig",0.51,0
"1256","Nnig",0.51,0
"1257","Nnig",0.51,0
"1258","Nnig",0.51,0
"1259","Nnig",0.51,0
"1260","Nnig",0.51,0
"1261","Nnig",0.51,0
"1262","Nnig",0.51,0
"1263","Nnig",0.51,0
"1264","Nnig",0.51,0
"1265","Nnig",0.51,0
"1266","Nnig",0.51,0
"1267","Nnig",0.51,0
"1268","Nnig",0.51,0
"1269","Nnig",0.51,0
"1270","Nnig",0.51,0
"1271","Nnig",0.51,0
"1272","Nnig",0.51,0
"1273","Nnig",0.51,0
"1274","Nnig",0.51,0
"1275","Nnig",0.51,0
"1276","Nnig",0.51,0
"1277","Nnig",0.51,0
"1278","Nnig",0.51,0
"1279","Nnig",0.51,0
"1280","Nnig",0.51,0
"1281","Nnig",0.51,0
"1282","Nnig",0.51,0
"1283","Nnig",0.51,0
"1284","Nnig",0.51,0
"1285","Nnig",0.51,0
"1286","Nnig",0.51,0
"1287","Nnig",0.51,0
"1288","Nnig",0.51,0
"1289","Nnig",0.51,0
"1290","Nnig",0.51,0
"1291","Nnig",0.51,0
"1292","Nnig",0.51,0
"1293","Nnig",0.51,0
"1294","Nnig",0.51,0
"1295","Nnig",0.51,0
"1296","Nnig",0.51,0
"1297","Nnig",0.51,0
"1298","Nnig",0.51,0
"1299","Nnig",0.51,0
"1300","Nnig",0.51,0
"1301","Nnig",0.51,0
"1302","Nnig",0.51,0
"1303","Nnig",0.51,0
"1304","Nnig",0.51,0
"1305","Nnig",0.51,0
"1306","Nnig",0.51,0
"1307","Nnig",0.51,0
"1308","Nnig",0.51,0
"1309","Nnig",0.51,0
"1310","Nnig",0.51,0
"1311","Nnig",0.51,0
"1312","Nnig",0.51,0
"1313","Nnig",0.51,0
"1314","Nnig",0.51,0
"1315","Nnig",0.51,0
"1316","Nnig",0.51,0
"1317","Nnig",0.51,0
"1318","Nnig",0.51,0
"1319","Nnig",0.51,0
"1320","Nnig",0.51,0
"1321","Nnig",0.51,1
"1322","Nnig",0.51,1
"1323","Nnig",0.51,1
"1324","Nnig",0.51,1
"1325","Nnig",0.51,1
"1326","Nnig",0.51,1
"1327","Nnig",0.51,1
"1328","Nnig",0.51,1
"1329","Nnig",0.51,1
"1330","Nnig",0.51,1
"1331","Nnig",0.51,1
"1332","Npen",0.506,0
"1333","Npen",0.506,0
"1334","Npen",0.506,0
"1335","Npen",0.506,0
"1336","Npen",0.506,0
"1337","Npen",0.506,0
"1338","Npen",0.506,0
"1339","Npen",0.506,0
"1340","Npen",0.506,0
"1341","Npen",0.506,0
"1342","Npen",0.506,0
"1343","Npen",0.506,0
"1344","Npen",0.506,0
"1345","Npen",0.506,0
"1346","Npen",0.506,0
"1347","Npen",0.506,0
"1348","Npen",0.506,0
"1349","Npen",0.506,0
"1350","Npen",0.506,0
"1351","Npen",0.506,0
"1352","Npen",0.506,0
"1353","Npen",0.506,0
"1354","Npen",0.506,0
"1355","Npen",0.506,0
"1356","Npen",0.506,0
"1357","Npen",0.506,0
"1358","Npen",0.506,0
"1359","Npen",0.506,0
"1360","Npen",0.506,0
"1361","Npen",0.506,0
"1362","Npen",0.506,0
"1363","Npen",0.506,0
"1364","Npen",0.506,0
"1365","Npen",0.506,0
"1366","Npen",0.506,0
"1367","Npen",0.506,0
"1368","Npen",0.506,0
"1369","Npen",0.506,0
"1370","Npen",0.506,0
"1371","Npen",0.506,0
"1372","Npen",0.506,0
"1373","Npen",0.506,0
"1374","Npen",0.506,0
"1375","Npen",0.506,0
"1376","Npen",0.506,0
"1377","Npen",0.506,0
"1378","Npen",0.506,0
"1379","Npen",0.506,0
"1380","Npen",0.506,0
"1381","Npen",0.506,0
"1382","Npen",0.506,0
"1383","Npen",0.506,0
"1384","Npen",0.506,0
"1385","Npen",0.506,0
"1386","Npen",0.506,0
"1387","Npen",0.506,0
"1388","Npen",0.506,0
"1389","Npen",0.506,0
"1390","Npen",0.506,0
"1391","Npen",0.506,0
"1392","Npen",0.506,0
"1393","Npen",0.506,0
"1394","Npen",0.506,0
"1395","Npen",0.506,0
"1396","Npen",0.506,0
"1397","Npen",0.506,0
"1398","Npen",0.506,0
"1399","Npen",0.506,0
"1400","Npen",0.506,0
"1401","Npen",0.506,0
"1402","Npen",0.506,0
"1403","Npen",0.506,0
"1404","Norn",0.524,0
"1405","Norn",0.524,0
"1406","Norn",0.524,0
"1407","Norn",0.524,0
"1408","Norn",0.524,0
"1409","Norn",0.524,0
"1410","Norn",0.524,0
"1411","Norn",0.524,0
"1412","Norn",0.524,0
"1413","Norn",0.524,0
"1414","Norn",0.524,0
"1415","Norn",0.524,0
"1416","Norn",0.524,0
"1417","Norn",0.524,0
"1418","Norn",0.524,0
"1419","Norn",0.524,0
"1420","Norn",0.524,0
"1421","Norn",0.524,0
"1422","Norn",0.524,0
"1423","Norn",0.524,0
"1424","Norn",0.524,0
"1425","Norn",0.524,0
"1426","Norn",0.524,0
"1427","Norn",0.524,0
"1428","Norn",0.524,0
"1429","Norn",0.524,0
"1430","Norn",0.524,0
"1431","Norn",0.524,0
"1432","Norn",0.524,0
"1433","Norn",0.524,0
"1434","Norn",0.524,0
"1435","Norn",0.524,0
"1436","Norn",0.524,0
"1437","Norn",0.524,0
"1438","Norn",0.524,0
"1439","Norn",0.524,0
"1440","Norn",0.524,0
"1441","Norn",0.524,0
"1442","Norn",0.524,0
"1443","Norn",0.524,0
"1444","Norn",0.524,0
"1445","Norn",0.524,0
"1446","Norn",0.524,0
"1447","Norn",0.524,0
"1448","Norn",0.524,0
"1449","Norn",0.524,0
"1450","Norn",0.524,0
"1451","Norn",0.524,0
"1452","Norn",0.524,0
"1453","Norn",0.524,0
"1454","Norn",0.524,0
"1455","Norn",0.524,0
"1456","Norn",0.524,0
"1457","Norn",0.524,0
"1458","Norn",0.524,0
"1459","Norn",0.524,0
"1460","Norn",0.524,0
"1461","Norn",0.524,0
"1462","Norn",0.524,0
"1463","Norn",0.524,0
"1464","Norn",0.524,0
"1465","Norn",0.524,0
"1466","Norn",0.524,0
"1467","Norn",0.524,0
"1468","Norn",0.524,0
"1469","Norn",0.524,0
"1470","Norn",0.524,0
"1471","Norn",0.524,0
"1472","Norn",0.524,0
"1473","Norn",0.524,0
"1474","Norn",0.524,0
"1475","Norn",0.524,0
"1476","Norn",0.524,0
"1477","Norn",0.524,0
"1478","Norn",0.524,0
"1479","Norn",0.524,0
"1480","Nper",0.737,0
"1481","Nper",0.737,0
"1482","Nper",0.737,0
"1483","Nper",0.737,0
"1484","Nper",0.737,0
"1485","Nper",0.737,0
"1486","Nper",0.737,0
"1487","Nper",0.737,0
"1488","Nper",0.737,0
"1489","Nper",0.737,0
"1490","Nper",0.737,0
"1491","Nper",0.737,0
"1492","Nper",0.737,0
"1493","Nper",0.737,0
"1494","Nper",0.737,0
"1495","Nper",0.737,0
"1496","Nper",0.737,0
"1497","Nper",0.737,0
"1498","Nper",0.737,0
"1499","Nper",0.737,0
"1500","Nper",0.737,0
"1501","Nper",0.737,0
"1502","Nper",0.737,0
"1503","Nper",0.737,0
"1504","Nper",0.737,0
"1505","Nper",0.737,0
"1506","Nper",0.737,0
"1507","Nper",0.737,0
"1508","Nper",0.737,0
"1509","Nper",0.737,0
"1510","Nper",0.737,0
"1511","Nper",0.737,0
"1512","Nper",0.737,0
"1513","Nper",0.737,0
"1514","Nper",0.737,0
"1515","Nper",0.737,0
"1516","Nper",0.737,0
"1517","Nper",0.737,0
"1518","Nper",0.737,0
"1519","Nper",0.737,0
"1520","Nper",0.737,0
"1521","Nper",0.737,0
"1522","Nper",0.737,0
"1523","Nper",0.737,0
"1524","Nper",0.737,0
"1525","Nper",0.737,0
"1526","Nper",0.737,0
"1527","Nper",0.737,0
"1528","Nper",0.737,0
"1529","Nper",0.737,0
"1530","Nper",0.737,0
"1531","Nper",0.737,0
"1532","Nper",0.737,0
"1533","Nper",0.737,0
"1534","Nper",0.737,0
"1535","Nper",0.737,0
"1536","Nper",0.737,0
"1537","Nper",0.737,0
"1538","Nper",0.737,0
"1539","Nper",0.737,0
"1540","Nper",0.737,0
"1541","Nper",0.737,0
"1542","Nper",0.737,0
"1543","Nper",0.737,0
"1544","Nper",0.737,0
"1545","Nper",0.737,0
"1546","Nper",0.737,0
"1547","Nper",0.737,0
"1548","Nper",0.737,0
"1549","Nper",0.737,0
"1550","Nper",0.737,0
"1551","Nper",0.737,0
"1552","Nper",0.737,0
"1553","Nper",0.737,0
"1554","Nper",0.737,0
"1555","Nper",0.737,0
"1556","Nper",0.737,0
"1557","Nper",0.737,0
"1558","Nper",0.737,0
"1559","Nper",0.737,0
"1560","Nper",0.737,0
"1561","Nper",0.737,0
"1562","Nper",0.737,0
"1563","Nper",0.737,0
"1564","Nper",0.737,0
"1565","Nper",0.737,0
"1566","Nper",0.737,0
"1567","Nper",0.737,0
"1568","Nper",0.737,0
"1569","Nper",0.737,0
"1570","Nper",0.737,0
"1571","Nper",0.737,0
"1572","Nper",0.737,0
"1573","Nper",0.737,0
"1574","Nper",0.737,0
"1575","Nper",0.737,0
"1576","Nper",0.737,0
"1577","Nper",0.737,0
"1578","Nper",0.737,0
"1579","Nper",0.737,0
"1580","Nper",0.737,0
"1581","Nper",0.737,0
"1582","Nper",0.737,0
"1583","Nper",0.737,0
"1584","Nper",0.737,0
"1585","Nper",0.737,0
"1586","Nper",0.737,0
"1587","Nper",0.737,0
"1588","Nper",0.737,0
"1589","Nper",0.737,0
"1590","Nper",0.737,0
"1591","Nper",0.737,0
"1592","Nper",0.737,0
"1593","Nper",0.737,0
"1594","Nper",0.737,0
"1595","Nper",0.737,0
"1596","Nper",0.737,0
"1597","Nper",0.737,0
"1598","Nper",0.737,0
"1599","Nper",0.737,0
"1600","Nper",0.737,0
"1601","Nper",0.737,0
"1602","Nper",0.737,0
"1603","Nper",0.737,0
"1604","Nper",0.737,0
"1605","Nper",0.737,0
"1606","Nper",0.737,0
"1607","Nper",0.737,0
"1608","Nper",0.737,0
"1609","Nper",0.737,0
"1610","Nper",0.737,0
"1611","Nper",0.737,1
"1612","Nper",0.737,1
"1613","Nper",0.737,1
"1614","Nper",0.737,1
"1615","Nper",0.737,1
"1616","Eele",0.893,0
"1617","Eele",0.893,0
"1618","Eele",0.893,0
"1619","Eele",0.893,0
"1620","Eele",0.893,0
"1621","Eele",0.893,0
"1622","Eele",0.893,0
"1623","Eele",0.893,0
"1624","Eele",0.893,0
"1625","Eele",0.893,0
"1626","Eele",0.893,0
"1627","Eele",0.893,0
"1628","Eele",0.893,0
"1629","Eele",0.893,0
"1630","Eele",0.893,0
"1631","Eele",0.893,0
"1632","Eele",0.893,0
"1633","Eele",0.893,0
"1634","Eele",0.893,0
"1635","Eele",0.893,0
"1636","Eele",0.893,0
"1637","Eele",0.893,0
"1638","Eele",0.893,0
"1639","Eele",0.893,0
"1640","Eele",0.893,0
"1641","Eele",0.893,0
"1642","Eele",0.893,0
"1643","Eele",0.893,0
"1644","Eele",0.893,0
"1645","Eele",0.893,0
"1646","Eele",0.893,0
"1647","Eele",0.893,0
"1648","Eele",0.893,0
"1649","Eele",0.893,0
"1650","Eele",0.893,0
"1651","Eele",0.893,0
"1652","Eele",0.893,0
"1653","Eele",0.893,0
"1654","Eele",0.893,0
"1655","Eele",0.893,0
"1656","Eele",0.893,0
"1657","Eele",0.893,0
"1658","Eele",0.893,0
"1659","Eele",0.893,0
"1660","Eele",0.893,0
"1661","Eele",0.893,0
"1662","Eele",0.893,0
"1663","Eele",0.893,0
"1664","Eele",0.893,0
"1665","Eele",0.893,0
"1666","Eele",0.893,0
"1667","Eele",0.893,0
"1668","Eele",0.893,0
"1669","Eele",0.893,0
"1670","Eele",0.893,0
"1671","Eele",0.893,0
"1672","Eele",0.893,0
"1673","Eele",0.893,0
"1674","Eele",0.893,0
"1675","Eele",0.893,0
"1676","Eele",0.893,0
"1677","Eele",0.893,0
"1678","Eele",0.893,0
"1679","Eele",0.893,0
"1680","Eele",0.893,0
"1681","Eele",0.893,0
"1682","Eele",0.893,0
"1683","Eele",0.893,0
"1684","Eele",0.893,0
"1685","Eele",0.893,0
"1686","Eele",0.893,0
"1687","Eele",0.893,0
"1688","Eele",0.893,0
"1689","Eele",0.893,0
"1690","Eele",0.893,0
"1691","Eele",0.893,0
"1692","Eele",0.893,0
"1693","Eele",0.893,0
"1694","Eele",0.893,0
"1695","Eele",0.893,0
"1696","Eele",0.893,0
"1697","Eele",0.893,0
"1698","Eele",0.893,0
"1699","Eele",0.893,0
"1700","Eele",0.893,0
"1701","Eele",0.893,0
"1702","Eele",0.893,0
"1703","Eele",0.893,0
"1704","Eele",0.893,0
"1705","Eele",0.893,0
"1706","Eele",0.893,0
"1707","Eele",0.893,0
"1708","Eele",0.893,0
"1709","Eele",0.893,0
"1710","Eele",0.893,0
"1711","Eele",0.893,0
"1712","Eele",0.893,0
"1713","Eele",0.893,0
"1714","Eele",0.893,0
"1715","Eele",0.893,0
"1716","Eele",0.893,0
"1717","Eele",0.893,0
"1718","Eele",0.893,0
"1719","Eele",0.893,0
"1720","Eele",0.893,0
"1721","Eele",0.893,0
"1722","Eele",0.893,0
"1723","Eele",0.893,0
"1724","Eele",0.893,0
"1725","Eele",0.893,0
"1726","Eele",0.893,0
"1727","Eele",0.893,0
"1728","Eele",0.893,0
"1729","Eele",0.893,0
"1730","Eele",0.893,0
"1731","Eele",0.893,0
"1732","Eele",0.893,0
"1733","Eele",0.893,0
"1734","Eele",0.893,0
"1735","Eele",0.893,0
"1736","Eele",0.893,0
"1737","Eele",0.893,0
"1738","Eele",0.893,0
"1739","Eele",0.893,0
"1740","Eele",0.893,0
"1741","Eele",0.893,0
"1742","Eele",0.893,0
"1743","Eele",0.893,0
"1744","Eele",0.893,0
"1745","Eele",0.893,0
"1746","Eele",0.893,0
"1747","Eele",0.893,0
"1748","Eele",0.893,0
"1749","Eele",0.893,0
"1750","Eele",0.893,0
"1751","Eele",0.893,0
"1752","Eele",0.893,0
"1753","Eele",0.893,0
"1754","Eele",0.893,0
"1755","Eele",0.893,0
"1756","Eele",0.893,0
"1757","Eele",0.893,0
"1758","Eele",0.893,0
"1759","Eele",0.893,0
"1760","Eele",0.893,0
"1761","Eele",0.893,0
"1762","Eele",0.893,0
"1763","Eele",0.893,0
"1764","Eele",0.893,0
"1765","Eele",0.893,0
"1766","Eele",0.893,0
"1767","Eele",0.893,0
"1768","Eele",0.893,0
"1769","Eele",0.893,0
"1770","Eele",0.893,0
"1771","Eele",0.893,0
"1772","Eele",0.893,0
"1773","Eele",0.893,0
"1774","Eele",0.893,0
"1775","Eele",0.893,0
"1776","Eele",0.893,0
"1777","Eele",0.893,0
"1778","Eele",0.893,0
"1779","Eele",0.893,0
"1780","Eele",0.893,0
"1781","Eele",0.893,0
"1782","Eele",0.893,0
"1783","Eele",0.893,0
"1784","Eele",0.893,0
"1785","Eele",0.893,0
"1786","Eele",0.893,0
"1787","Eele",0.893,0
"1788","Eele",0.893,0
"1789","Eele",0.893,0
"1790","Eele",0.893,0
"1791","Eele",0.893,0
"1792","Eele",0.893,0
"1793","Eele",0.893,0
"1794","Eele",0.893,0
"1795","Eele",0.893,0
"1796","Eele",0.893,0
"1797","Eele",0.893,0
"1798","Eele",0.893,0
"1799","Eele",0.893,0
"1800","Eele",0.893,0
"1801","Eele",0.893,0
"1802","Eele",0.893,0
"1803","Eele",0.893,0
"1804","Eele",0.893,0
"1805","Eele",0.893,0
"1806","Eele",0.893,0
"1807","Eele",0.893,0
"1808","Eele",0.893,0
"1809","Eele",0.893,0
"1810","Eele",0.893,0
"1811","Eele",0.893,0
"1812","Eele",0.893,0
"1813","Eele",0.893,0
"1814","Eele",0.893,0
"1815","Eele",0.893,0
"1816","Eele",0.893,0
"1817","Eele",0.893,0
"1818","Eele",0.893,0
"1819","Eele",0.893,0
"1820","Eele",0.893,0
"1821","Eele",0.893,0
"1822","Eele",0.893,0
"1823","Eele",0.893,0
"1824","Eele",0.893,0
"1825","Eele",0.893,0
"1826","Eele",0.893,0
"1827","Eele",0.893,0
"1828","Eele",0.893,0
"1829","Eele",0.893,0
"1830","Eele",0.893,0
"1831","Eele",0.893,0
"1832","Eele",0.893,0
"1833","Eele",0.893,0
"1834","Eele",0.893,0
"1835","Eele",0.893,0
"1836","Eele",0.893,0
"1837","Eele",0.893,0
"1838","Eele",0.893,0
"1839","Eele",0.893,0
"1840","Eele",0.893,0
"1841","Eele",0.893,0
"1842","Eele",0.893,0
"1843","Eele",0.893,0
"1844","Eele",0.893,0
"1845","Eele",0.893,0
"1846","Eele",0.893,0
"1847","Eele",0.893,0
"1848","Eele",0.893,0
"1849","Eele",0.893,0
"1850","Eele",0.893,0
"1851","Eele",0.893,0
"1852","Eele",0.893,0
"1853","Eele",0.893,0
"1854","Eele",0.893,0
"1855","Eele",0.893,0
"1856","Eele",0.893,0
"1857","Eele",0.893,0
"1858","Eele",0.893,0
"1859","Eele",0.893,0
"1860","Eele",0.893,0
"1861","Eele",0.893,0
"1862","Eele",0.893,0
"1863","Eele",0.893,0
"1864","Eele",0.893,0
"1865","Eele",0.893,0
"1866","Eele",0.893,0
"1867","Eele",0.893,0
"1868","Eele",0.893,0
"1869","Eele",0.893,0
"1870","Eele",0.893,0
"1871","Eele",0.893,0
"1872","Eele",0.893,0
"1873","Eele",0.893,0
"1874","Eele",0.893,0
"1875","Eele",0.893,0
"1876","Eele",0.893,0
"1877","Eele",0.893,0
"1878","Eele",0.893,0
"1879","Eele",0.893,0
"1880","Eele",0.893,0
"1881","Eele",0.893,0
"1882","Eele",0.893,0
"1883","Eele",0.893,0
"1884","Eele",0.893,0
"1885","Eele",0.893,0
"1886","Eele",0.893,0
"1887","Eele",0.893,0
"1888","Eele",0.893,0
"1889","Eele",0.893,0
"1890","Eele",0.893,0
"1891","Eele",0.893,0
"1892","Eele",0.893,0
"1893","Eele",0.893,0
"1894","Eele",0.893,0
"1895","Eele",0.893,0
"1896","Eele",0.893,0
"1897","Eele",0.893,0
"1898","Eele",0.893,0
"1899","Eele",0.893,0
"1900","Eele",0.893,0
"1901","Eele",0.893,0
"1902","Eele",0.893,0
"1903","Eele",0.893,0
"1904","Eele",0.893,0
"1905","Eele",0.893,0
"1906","Eele",0.893,0
"1907","Eele",0.893,0
"1908","Eele",0.893,0
"1909","Eele",0.893,0
"1910","Eele",0.893,0
"1911","Eele",0.893,1
"1912","Eele",0.893,1
"1913","Eele",0.893,1
"1914","Eele",0.893,1
"1915","Eele",0.893,1
"1916","Eele",0.893,1
"1917","Eele",0.893,1
"1918","Eele",0.893,1
"1919","Eele",0.893,1
"1920","Eele",0.893,1
"1921","Eele",0.893,1
"1922","Eele",0.893,1
"1923","Eele",0.893,1
"1924","Eele",0.893,1
"1925","Eele",0.893,1
"1926","Eele",0.893,1
"1927","Eele",0.893,1
"1928","Eele",0.893,1
"1929","Eele",0.893,1
"1930","Eele",0.893,1
"1931","Eele",0.893,1
"1932","Eele",0.893,1
"1933","Eele",0.893,1
"1934","Eele",0.893,1
"1935","Eele",0.893,1
"1936","Eele",0.893,1
"1937","Eele",0.893,1
"1938","Rame",0.352,0
"1939","Rame",0.352,0
"1940","Rame",0.352,0
"1941","Rame",0.352,0
"1942","Rame",0.352,0
"1943","Rame",0.352,0
"1944","Rame",0.352,0
"1945","Rame",0.352,0
"1946","Rame",0.352,0
"1947","Rame",0.352,0
"1948","Rame",0.352,0
"1949","Rame",0.352,0
"1950","Rame",0.352,0
"1951","Rame",0.352,0
"1952","Rame",0.352,0
"1953","Rame",0.352,0
"1954","Rame",0.352,0
"1955","Rame",0.352,0
"1956","Rame",0.352,0
"1957","Rame",0.352,0
"1958","Rame",0.352,0
"1959","Rame",0.352,0
"1960","Rame",0.352,0
"1961","Rame",0.352,0
"1962","Rame",0.352,0
"1963","Rame",0.352,0
"1964","Rame",0.352,0
"1965","Rame",0.352,0
"1966","Rame",0.352,0
"1967","Rame",0.352,0
"1968","Rame",0.352,0
"1969","Rame",0.352,0
"1970","Rame",0.352,0
"1971","Rame",0.352,0
"1972","Rame",0.352,0
"1973","Rame",0.352,0
"1974","Rame",0.352,0
"1975","Rame",0.352,0
"1976","Rame",0.352,0
"1977","Rame",0.352,0
"1978","Rame",0.352,0
"1979","Rame",0.352,0
"1980","Rame",0.352,0
"1981","Rame",0.352,0
"1982","Rame",0.352,0
"1983","Rame",0.352,0
"1984","Rame",0.352,0
"1985","Rame",0.352,0
"1986","Rame",0.352,0
"1987","Rame",0.352,0
"1988","Rame",0.352,0
"1989","Rame",0.352,0
"1990","Rame",0.352,0
"1991","Rame",0.352,0
"1992","Rame",0.352,0
"1993","Rame",0.352,0
"1994","Rame",0.352,0
"1995","Rame",0.352,0
"1996","Rame",0.352,0
"1997","Rame",0.352,0
"1998","Rame",0.352,0
"1999","Rame",0.352,0
"2000","Rame",0.352,0
"2001","Rame",0.352,0
"2002","Rame",0.352,0
"2003","Rame",0.352,0
"2004","Rame",0.352,0
"2005","Rame",0.352,0
"2006","Rame",0.352,0
"2007","Rame",0.352,0
"2008","Rame",0.352,0
"2009","Rame",0.352,0
"2010","Rame",0.352,0
"2011","Rame",0.352,0
"2012","Rame",0.352,0
"2013","Rame",0.352,0
"2014","Rame",0.352,0
"2015","Rame",0.352,0
"2016","Rame",0.352,0
"2017","Rame",0.352,0
"2018","Rame",0.352,0
"2019","Rame",0.352,0
"2020","Rame",0.352,0
"2021","Rame",0.352,0
"2022","Rame",0.352,0
"2023","Rame",0.352,0
"2024","Rame",0.352,0
"2025","Rame",0.352,0
"2026","Rame",0.352,0
"2027","Rame",0.352,0
"2028","Rame",0.352,0
"2029","Rame",0.352,0
"2030","Rame",0.352,0
"2031","Rame",0.352,0
"2032","Rame",0.352,0
"2033","Rame",0.352,0
"2034","Rame",0.352,0
"2035","Rame",0.352,0
"2036","Rame",0.352,0
"2037","Rame",0.352,0
"2038","Rame",0.352,0
"2039","Rame",0.352,0
"2040","Rame",0.352,0
"2041","Rame",0.352,0
"2042","Rame",0.352,0
"2043","Rame",0.352,0
"2044","Rame",0.352,0
"2045","Rame",0.352,0
"2046","Rame",0.352,0
"2047","Rame",0.352,0
"2048","Rame",0.352,0
"2049","Rame",0.352,0
"2050","Rame",0.352,0
"2051","Rame",0.352,0
"2052","Rame",0.352,0
"2053","Rame",0.352,0
"2054","Rame",0.352,0
"2055","Rame",0.352,0
"2056","Rame",0.352,0
"2057","Rame",0.352,0
"2058","Rame",0.352,0
"2059","Rame",0.352,0
"2060","Rame",0.352,0
"2061","Rame",0.352,0
"2062","Rame",0.352,0
"2063","Rame",0.352,0
"2064","Rame",0.352,0
"2065","Rame",0.352,0
"2066","Rame",0.352,0
"2067","Rame",0.352,0
"2068","Rame",0.352,0
"2069","Rame",0.352,0
"2070","Rame",0.352,0
"2071","Rame",0.352,0
"2072","Rame",0.352,0
"2073","Rame",0.352,0
"2074","Rame",0.352,0
"2075","Rame",0.352,0
"2076","Rame",0.352,0
"2077","Rame",0.352,0
"2078","Rame",0.352,0
"2079","Rame",0.352,0
"2080","Rame",0.352,0
"2081","Rame",0.352,0
"2082","Rame",0.352,0
"2083","Rame",0.352,0
"2084","Rame",0.352,0
"2085","Rame",0.352,0
"2086","Rame",0.352,0
"2087","Rame",0.352,0
"2088","Rame",0.352,0
"2089","Rame",0.352,0
"2090","Rame",0.352,0
"2091","Rame",0.352,0
"2092","Rame",0.352,0
"2093","Rame",0.352,0
"2094","Rame",0.352,0
"2095","Rame",0.352,0
"2096","Rame",0.352,0
"2097","Rame",0.352,0
"2098","Rame",0.352,0
"2099","Rame",0.352,0
"2100","Rame",0.352,0
"2101","Rame",0.352,0
"2102","Rame",0.352,0
"2103","Rame",0.352,0
"2104","Rame",0.352,0
"2105","Rame",0.352,0
"2106","Rame",0.352,0
"2107","Rame",0.352,0
"2108","Rame",0.352,0
"2109","Rame",0.352,0
"2110","Rame",0.352,0
"2111","Rame",0.352,0
"2112","Rame",0.352,0
"2113","Rame",0.352,0
"2114","Rame",0.352,0
"2115","Rame",0.352,0
"2116","Rame",0.352,0
"2117","Rame",0.352,0
"2118","Rame",0.352,0
"2119","Rame",0.352,0
"2120","Rame",0.352,0
"2121","Rame",0.352,0
"2122","Rame",0.352,0
"2123","Rame",0.352,0
"2124","Rame",0.352,0
"2125","Rame",0.352,0
"2126","Rame",0.352,0
"2127","Rame",0.352,0
"2128","Rame",0.352,0
"2129","Rame",0.352,0
"2130","Rame",0.352,0
"2131","Rame",0.352,0
"2132","Rame",0.352,0
"2133","Rame",0.352,0
"2134","Rame",0.352,0
"2135","Rame",0.352,0
"2136","Rame",0.352,0
"2137","Rame",0.352,0
"2138","Rame",0.352,0
"2139","Rame",0.352,0
"2140","Rame",0.352,0
"2141","Rame",0.352,0
"2142","Rame",0.352,0
"2143","Rame",0.352,0
"2144","Rame",0.352,0
"2145","Rame",0.352,0
"2146","Rame",0.352,0
"2147","Rame",0.352,1
"2148","Rame",0.352,1
"2149","Rame",0.352,1
"2150","Rame",0.352,1
"2151","Rame",0.352,1
"2152","Rame",0.352,1
"2153","Rame",0.352,1
"2154","Rame",0.352,1
"2155","Rame",0.352,1
"2156","Rame",0.352,1
"2157","Rame",0.352,1
"2158","Rame",0.352,1
"2159","Rame",0.352,1
"2160","Rame",0.352,1
"2161","Rame",0.352,1
"2162","Rame",0.352,1
"2163","Rame",0.352,1
"2164","Rame",0.352,1
"2165","Rame",0.352,1
"2166","Rame",0.352,1
"2167","Rame",0.352,1
"2168","Rame",0.352,1
"2169","Rame",0.352,1
"2170","Rame",0.352,1
"2171","Rame",0.352,1
"2172","Dnov",0.312,0
"2173","Dnov",0.312,0
"2174","Dnov",0.312,0
"2175","Dnov",0.312,0
"2176","Dnov",0.312,0
"2177","Dnov",0.312,0
"2178","Dnov",0.312,0
"2179","Dnov",0.312,0
"2180","Dnov",0.312,0
"2181","Dnov",0.312,0
"2182","Dnov",0.312,0
"2183","Dnov",0.312,0
"2184","Dnov",0.312,0
"2185","Dnov",0.312,0
"2186","Dnov",0.312,0
"2187","Dnov",0.312,0
"2188","Dnov",0.312,0
"2189","Dnov",0.312,0
"2190","Dnov",0.312,0
"2191","Dnov",0.312,0
"2192","Dnov",0.312,0
"2193","Dnov",0.312,0
"2194","Dnov",0.312,0
"2195","Dnov",0.312,0
"2196","Dnov",0.312,0
"2197","Dnov",0.312,0
"2198","Dnov",0.312,0
"2199","Dnov",0.312,0
"2200","Dnov",0.312,0
"2201","Dnov",0.312,0
"2202","Dnov",0.312,0
"2203","Dnov",0.312,0
"2204","Dnov",0.312,0
"2205","Dnov",0.312,0
"2206","Dnov",0.312,0
"2207","Dnov",0.312,0
"2208","Dnov",0.312,0
"2209","Dnov",0.312,0
"2210","Dnov",0.312,0
"2211","Dnov",0.312,0
"2212","Dnov",0.312,0
"2213","Dnov",0.312,0
"2214","Dnov",0.312,0
"2215","Dnov",0.312,0
"2216","Dnov",0.312,0
"2217","Dnov",0.312,0
"2218","Dnov",0.312,0
"2219","Dnov",0.312,0
"2220","Dnov",0.312,0
"2221","Dnov",0.312,0
"2222","Dnov",0.312,0
"2223","Dnov",0.312,0
"2224","Dnov",0.312,0
"2225","Dnov",0.312,0
"2226","Dnov",0.312,0
"2227","Dnov",0.312,0
"2228","Dnov",0.312,0
"2229","Dnov",0.312,0
"2230","Dnov",0.312,0
"2231","Dnov",0.312,0
"2232","Dnov",0.312,0
"2233","Dnov",0.312,0
"2234","Dnov",0.312,0
"2235","Dnov",0.312,0
"2236","Dnov",0.312,0
"2237","Dnov",0.312,0
"2238","Dnov",0.312,0
"2239","Dnov",0.312,0
"2240","Dnov",0.312,0
"2241","Dnov",0.312,0
"2242","Dnov",0.312,0
"2243","Dnov",0.312,0
"2244","Dnov",0.312,0
"2245","Dnov",0.312,0
"2246","Dnov",0.312,0
"2247","Dnov",0.312,0
"2248","Dnov",0.312,0
"2249","Dnov",0.312,0
"2250","Dnov",0.312,0
"2251","Dnov",0.312,0
"2252","Dnov",0.312,0
"2253","Dnov",0.312,0
"2254","Dnov",0.312,0
"2255","Dnov",0.312,0
"2256","Dnov",0.312,0
"2257","Dnov",0.312,0
"2258","Dnov",0.312,0
"2259","Dnov",0.312,0
"2260","Dnov",0.312,0
"2261","Dnov",0.312,0
"2262","Dnov",0.312,0
"2263","Dnov",0.312,0
"2264","Dnov",0.312,0
"2265","Dnov",0.312,0
"2266","Dnov",0.312,0
"2267","Dnov",0.312,0
"2268","Dnov",0.312,0
"2269","Dnov",0.312,0
"2270","Dnov",0.312,0
"2271","Dnov",0.312,0
"2272","Dnov",0.312,0
"2273","Dnov",0.312,0
"2274","Dnov",0.312,0
"2275","Dnov",0.312,0
"2276","Dnov",0.312,0
"2277","Dnov",0.312,0
"2278","Dnov",0.312,0
"2279","Dnov",0.312,0
"2280","Dnov",0.312,0
"2281","Dnov",0.312,0
"2282","Dnov",0.312,0
"2283","Dnov",0.312,0
"2284","Dnov",0.312,1
"2285","Dnov",0.312,1
"2286","Ccas",0.305,0
"2287","Ccas",0.305,0
"2288","Ccas",0.305,0
"2289","Ccas",0.305,0
"2290","Ccas",0.305,0
"2291","Ccas",0.305,0
"2292","Ccas",0.305,0
"2293","Ccas",0.305,0
"2294","Ccas",0.305,0
"2295","Ccas",0.305,0
"2296","Ccas",0.305,0
"2297","Ccas",0.305,0
"2298","Ccas",0.305,0
"2299","Ccas",0.305,0
"2300","Ccas",0.305,0
"2301","Ccas",0.305,0
"2302","Ccas",0.305,0
"2303","Ccas",0.305,0
"2304","Ccas",0.305,0
"2305","Ccas",0.305,0
"2306","Ccas",0.305,0
"2307","Ccas",0.305,0
"2308","Ccas",0.305,0
"2309","Ccas",0.305,0
"2310","Ccas",0.305,0
"2311","Ccas",0.305,0
"2312","Ccas",0.305,0
"2313","Ccas",0.305,0
"2314","Ccas",0.305,0
"2315","Ccas",0.305,0
"2316","Ccas",0.305,0
"2317","Ccas",0.305,0
"2318","Ccas",0.305,0
"2319","Ccas",0.305,0
"2320","Ccas",0.305,0
"2321","Ccas",0.305,0
"2322","Ccas",0.305,0
"2323","Ccas",0.305,0
"2324","Ccas",0.305,0
"2325","Ccas",0.305,0
"2326","Ccas",0.305,0
"2327","Ccas",0.305,0
"2328","Ccas",0.305,0
"2329","Ccas",0.305,0
"2330","Ccas",0.305,0
"2331","Ccas",0.305,0
"2332","Ccas",0.305,0
"2333","Ccas",0.305,0
"2334","Ccas",0.305,0
"2335","Ccas",0.305,0
"2336","Ccas",0.305,0
"2337","Ccas",0.305,0
"2338","Ccas",0.305,0
"2339","Ccas",0.305,0
"2340","Ccas",0.305,0
"2341","Ccas",0.305,0
"2342","Ccas",0.305,0
"2343","Ccas",0.305,0
"2344","Ccas",0.305,0
"2345","Ccas",0.305,0
"2346","Ccas",0.305,0
"2347","Ccas",0.305,0
"2348","Ccas",0.305,0
"2349","Ccas",0.305,0
"2350","Ccas",0.305,0
"2351","Ccas",0.305,0
"2352","Ccas",0.305,0
"2353","Ccas",0.305,0
"2354","Ccas",0.305,0
"2355","Ccas",0.305,0
"2356","Ccas",0.305,0
"2357","Ccas",0.305,0
"2358","Ccas",0.305,0
"2359","Ccas",0.305,0
"2360","Ccas",0.305,0
"2361","Ccas",0.305,0
"2362","Ccas",0.305,0
"2363","Ccas",0.305,0
"2364","Ccas",0.305,0
"2365","Ccas",0.305,0
"2366","Ccas",0.305,0
"2367","Ccas",0.305,0
"2368","Ccas",0.305,0
"2369","Ccas",0.305,0
"2370","Ccas",0.305,0
"2371","Ccas",0.305,0
"2372","Ccas",0.305,0
"2373","Ccas",0.305,0
"2374","Ccas",0.305,0
"2375","Ccas",0.305,0
"2376","Ccas",0.305,0
"2377","Ccas",0.305,0
"2378","Ccas",0.305,0
"2379","Ccas",0.305,0
"2380","Ccas",0.305,0
"2381","Ccas",0.305,0
"2382","Ccas",0.305,0
"2383","Ccas",0.305,0
"2384","Ccas",0.305,0
"2385","Ccas",0.305,0
"2386","Ccas",0.305,0
"2387","Ccas",0.305,0
"2388","Ccas",0.305,0
"2389","Ccas",0.305,0
"2390","Ccas",0.305,0
"2391","Ccas",0.305,0
"2392","Ccas",0.305,0
"2393","Ccas",0.305,0
"2394","Ccas",0.305,0
"2395","Ccas",0.305,0
"2396","Ccas",0.305,0
"2397","Ccas",0.305,0
"2398","Ccas",0.305,0
"2399","Ccas",0.305,0
"2400","Ccas",0.305,0
"2401","Ccas",0.305,0
"2402","Ccas",0.305,0
"2403","Ccas",0.305,0
"2404","Ccas",0.305,0
"2405","Ccas",0.305,0
"2406","Ccas",0.305,0
"2407","Ccas",0.305,0
"2408","Ccas",0.305,0
"2409","Ccas",0.305,0
"2410","Ccas",0.305,0
"2411","Ccas",0.305,0
"2412","Ccas",0.305,0
"2413","Ccas",0.305,0
"2414","Ccas",0.305,0
"2415","Ccas",0.305,0
"2416","Ccas",0.305,0
"2417","Ccas",0.305,0
"2418","Ccas",0.305,0
"2419","Ccas",0.305,1
"2420","Ccas",0.305,1
"2421","Ccas",0.305,1
"2422","Aman",0.727,0
"2423","Aman",0.727,0
"2424","Aman",0.727,0
"2425","Aman",0.727,0
"2426","Aman",0.727,0
"2427","Aman",0.727,0
"2428","Aman",0.727,0
"2429","Aman",0.727,0
"2430","Aman",0.727,0
"2431","Aman",0.727,0
"2432","Aman",0.727,0
"2433","Aman",0.727,0
"2434","Aman",0.727,0
"2435","Aman",0.727,0
"2436","Aman",0.727,0
"2437","Aman",0.727,0
"2438","Aman",0.727,0
"2439","Aman",0.727,0
"2440","Aman",0.727,0
"2441","Aman",0.727,0
"2442","Aman",0.727,0
"2443","Aman",0.727,0
"2444","Aman",0.727,0
"2445","Aman",0.727,0
"2446","Aman",0.727,0
"2447","Aman",0.727,0
"2448","Aman",0.727,0
"2449","Aman",0.727,0
"2450","Aman",0.727,0
"2451","Aman",0.727,0
"2452","Aman",0.727,0
"2453","Aman",0.727,0
"2454","Aman",0.727,0
"2455","Aman",0.727,0
"2456","Aman",0.727,0
"2457","Aman",0.727,0
"2458","Aman",0.727,0
"2459","Aman",0.727,0
"2460","Aman",0.727,0
"2461","Aman",0.727,0
"2462","Aman",0.727,0
"2463","Aman",0.727,0
"2464","Aman",0.727,0
"2465","Aman",0.727,0
"2466","Aman",0.727,0
"2467","Aman",0.727,0
"2468","Aman",0.727,0
"2469","Aman",0.727,0
"2470","Aman",0.727,0
"2471","Aman",0.727,0
"2472","Aman",0.727,0
"2473","Aman",0.727,0
"2474","Aman",0.727,0
"2475","Aman",0.727,0
"2476","Aman",0.727,0
"2477","Aman",0.727,0
"2478","Aman",0.727,0
"2479","Aman",0.727,0
"2480","Aman",0.727,0
"2481","Aman",0.727,0
"2482","Aman",0.727,0
"2483","Aman",0.727,0
"2484","Aman",0.727,0
"2485","Aman",0.727,0
"2486","Aman",0.727,0
"2487","Aman",0.727,0
"2488","Aman",0.727,0
"2489","Aman",0.727,0
"2490","Aman",0.727,0
"2491","Aman",0.727,0
"2492","Aman",0.727,0
"2493","Aman",0.727,0
"2494","Aman",0.727,0
"2495","Aman",0.727,0
"2496","Aman",0.727,0
"2497","Aman",0.727,0
"2498","Aman",0.727,0
"2499","Aman",0.727,0
"2500","Aman",0.727,0
"2501","Aman",0.727,0
"2502","Aman",0.727,0
"2503","Aman",0.727,0
"2504","Aman",0.727,0
"2505","Aman",0.727,0
"2506","Aman",0.727,0
"2507","Aman",0.727,0
"2508","Aman",0.727,0
"2509","Aman",0.727,0
"2510","Aman",0.727,0
"2511","Aman",0.727,0
"2512","Aman",0.727,0
"2513","Aman",0.727,0
"2514","Aman",0.727,0
"2515","Aman",0.727,0
"2516","Aman",0.727,0
"2517","Aman",0.727,0
"2518","Aman",0.727,0
"2519","Aman",0.727,0
"2520","Aman",0.727,0
"2521","Aman",0.727,0
"2522","Aman",0.727,0
"2523","Aman",0.727,0
"2524","Aman",0.727,0
"2525","Aman",0.727,0
"2526","Aman",0.727,0
"2527","Aman",0.727,0
"2528","Aman",0.727,0
"2529","Aman",0.727,0
"2530","Aman",0.727,0
"2531","Aman",0.727,0
"2532","Aman",0.727,0
"2533","Aman",0.727,0
"2534","Aman",0.727,0
"2535","Aman",0.727,0
"2536","Aman",0.727,0
"2537","Aman",0.727,0
"2538","Aman",0.727,0
"2539","Aman",0.727,0
"2540","Aman",0.727,0
"2541","Aman",0.727,0
"2542","Aman",0.727,0
"2543","Aman",0.727,0
"2544","Aman",0.727,0
"2545","Aman",0.727,0
"2546","Aman",0.727,0
"2547","Aman",0.727,0
"2548","Aman",0.727,0
"2549","Aman",0.727,0
"2550","Aman",0.727,0
"2551","Aman",0.727,0
"2552","Aman",0.727,0
"2553","Aman",0.727,0
"2554","Aman",0.727,0
"2555","Aman",0.727,0
"2556","Aman",0.727,0
"2557","Aman",0.727,0
"2558","Aman",0.727,0
"2559","Aman",0.727,0
"2560","Aman",0.727,0
"2561","Aman",0.727,0
"2562","Aman",0.727,0
"2563","Aman",0.727,0
"2564","Aman",0.727,0
"2565","Aman",0.727,0
"2566","Aman",0.727,0
"2567","Aman",0.727,0
"2568","Aman",0.727,0
"2569","Aman",0.727,0
"2570","Aman",0.727,0
"2571","Aman",0.727,0
"2572","Aman",0.727,0
"2573","Aman",0.727,0
"2574","Aman",0.727,0
"2575","Aman",0.727,0
"2576","Aman",0.727,0
"2577","Aman",0.727,0
"2578","Aman",0.727,0
"2579","Aman",0.727,0
"2580","Aman",0.727,0
"2581","Aman",0.727,0
"2582","Aman",0.727,0
"2583","Aman",0.727,0
"2584","Aman",0.727,0
"2585","Aman",0.727,0
"2586","Aman",0.727,0
"2587","Aman",0.727,0
"2588","Aman",0.727,0
"2589","Aman",0.727,0
"2590","Aman",0.727,0
"2591","Aman",0.727,0
"2592","Aman",0.727,0
"2593","Aman",0.727,0
"2594","Aman",0.727,0
"2595","Aman",0.727,0
"2596","Aman",0.727,0
"2597","Aman",0.727,0
"2598","Aman",0.727,0
"2599","Aman",0.727,0
"2600","Aman",0.727,0
"2601","Aman",0.727,0
"2602","Aman",0.727,0
"2603","Aman",0.727,0
"2604","Aman",0.727,0
"2605","Aman",0.727,0
"2606","Aman",0.727,0
"2607","Aman",0.727,0
"2608","Aman",0.727,0
"2609","Aman",0.727,0
"2610","Aman",0.727,0
"2611","Aman",0.727,0
"2612","Aman",0.727,0
"2613","Aman",0.727,0
"2614","Aman",0.727,0
"2615","Aman",0.727,0
"2616","Aman",0.727,0
"2617","Aman",0.727,0
"2618","Aman",0.727,0
"2619","Aman",0.727,0
"2620","Aman",0.727,0
"2621","Aman",0.727,0
"2622","Aman",0.727,0
"2623","Aman",0.727,0
"2624","Aman",0.727,0
"2625","Aman",0.727,0
"2626","Aman",0.727,0
"2627","Aman",0.727,0
"2628","Aman",0.727,0
"2629","Aman",0.727,0
"2630","Aman",0.727,0
"2631","Aman",0.727,0
"2632","Aman",0.727,0
"2633","Aman",0.727,0
"2634","Aman",0.727,0
"2635","Aman",0.727,0
"2636","Aman",0.727,0
"2637","Aman",0.727,0
"2638","Aman",0.727,0
"2639","Aman",0.727,0
"2640","Aman",0.727,0
"2641","Aman",0.727,0
"2642","Aman",0.727,0
"2643","Aman",0.727,0
"2644","Aman",0.727,0
"2645","Aman",0.727,0
"2646","Aman",0.727,0
"2647","Aman",0.727,0
"2648","Aman",0.727,0
"2649","Aman",0.727,0
"2650","Aman",0.727,0
"2651","Aman",0.727,0
"2652","Aman",0.727,0
"2653","Aman",0.727,0
"2654","Aman",0.727,1
"2655","Aman",0.727,1
"2656","Aman",0.727,1
"2657","Aman",0.727,1
"2658","Aman",0.727,1
"2659","Aman",0.727,1
"2660","Aman",0.727,1
"2661","Aman",0.727,1
"2662","Aman",0.727,1
"2663","Aman",0.727,1
"2664","Aman",0.727,1
"2665","Aman",0.727,1
"2666","Aman",0.727,1
"2667","Aman",0.727,1
"2668","Aman",0.727,1
"2669","Scam",0.378,0
"2670","Scam",0.378,0
"2671","Scam",0.378,0
"2672","Scam",0.378,0
"2673","Scam",0.378,0
"2674","Scam",0.378,0
"2675","Scam",0.378,0
"2676","Scam",0.378,0
"2677","Scam",0.378,0
"2678","Scam",0.378,0
"2679","Scam",0.378,0
"2680","Scam",0.378,0
"2681","Scam",0.378,0
"2682","Scam",0.378,0
"2683","Scam",0.378,0
"2684","Scam",0.378,0
"2685","Scam",0.378,0
"2686","Scam",0.378,0
"2687","Scam",0.378,0
"2688","Scam",0.378,0
"2689","Scam",0.378,0
"2690","Scam",0.378,0
"2691","Scam",0.378,0
"2692","Scam",0.378,0
"2693","Scam",0.378,0
"2694","Scam",0.378,0
"2695","Scam",0.378,0
"2696","Scam",0.378,0
"2697","Scam",0.378,0
"2698","Scam",0.378,0
"2699","Scam",0.378,0
"2700","Scam",0.378,0
"2701","Scam",0.378,0
"2702","Scam",0.378,0
"2703","Scam",0.378,0
"2704","Scam",0.378,0
"2705","Scam",0.378,0
"2706","Scam",0.378,0
"2707","Scam",0.378,0
"2708","Scam",0.378,0
"2709","Scam",0.378,0
"2710","Scam",0.378,0
"2711","Scam",0.378,0
"2712","Scam",0.378,0
"2713","Scam",0.378,0
"2714","Scam",0.378,0
"2715","Scam",0.378,0
"2716","Scam",0.378,0
"2717","Scam",0.378,0
"2718","Scam",0.378,0
"2719","Scam",0.378,0
"2720","Scam",0.378,0
"2721","Scam",0.378,0
"2722","Scam",0.378,0
"2723","Scam",0.378,0
"2724","Scam",0.378,0
"2725","Scam",0.378,0
"2726","Scam",0.378,0
"2727","Scam",0.378,0
"2728","Scam",0.378,0
"2729","Scam",0.378,0
"2730","Scam",0.378,0
"2731","Scam",0.378,0
"2732","Scam",0.378,0
"2733","Scam",0.378,0
"2734","Scam",0.378,0
"2735","Scam",0.378,0
"2736","Scam",0.378,0
"2737","Scam",0.378,0
"2738","Scam",0.378,0
"2739","Scam",0.378,0
"2740","Scam",0.378,0
"2741","Scam",0.378,0
"2742","Scam",0.378,0
"2743","Scam",0.378,0
"2744","Scam",0.378,0
"2745","Scam",0.378,0
"2746","Scam",0.378,0
"2747","Scam",0.378,0
"2748","Scam",0.378,0
"2749","Scam",0.378,0
"2750","Scam",0.378,0
"2751","Scam",0.378,0
"2752","Scam",0.378,0
"2753","Scam",0.378,0
"2754","Scam",0.378,0
"2755","Scam",0.378,0
"2756","Scam",0.378,0
"2757","Scam",0.378,0
"2758","Scam",0.378,0
"2759","Scam",0.378,0
"2760","Scam",0.378,0
"2761","Scam",0.378,0
"2762","Scam",0.378,0
"2763","Scam",0.378,0
"2764","Scam",0.378,0
"2765","Scam",0.378,0
"2766","Scam",0.378,0
"2767","Scam",0.378,0
"2768","Scam",0.378,0
"2769","Scam",0.378,0
"2770","Scam",0.378,0
"2771","Scam",0.378,0
"2772","Scam",0.378,0
"2773","Scam",0.378,0
"2774","Scam",0.378,0
"2775","Scam",0.378,0
"2776","Scam",0.378,0
"2777","Scam",0.378,0
"2778","Scam",0.378,0
"2779","Scam",0.378,0
"2780","Scam",0.378,0
"2781","Scam",0.378,0
"2782","Scam",0.378,0
"2783","Scam",0.378,0
"2784","Scam",0.378,0
"2785","Scam",0.378,0
"2786","Scam",0.378,0
"2787","Scam",0.378,0
"2788","Scam",0.378,0
"2789","Scam",0.378,0
"2790","Scam",0.378,0
"2791","Scam",0.378,0
"2792","Scam",0.378,0
"2793","Scam",0.378,0
"2794","Scam",0.378,0
"2795","Scam",0.378,0
"2796","Scam",0.378,0
"2797","Scam",0.378,0
"2798","Scam",0.378,0
"2799","Scam",0.378,0
"2800","Scam",0.378,0
"2801","Scam",0.378,0
"2802","Scam",0.378,0
"2803","Scam",0.378,0
"2804","Scam",0.378,0
"2805","Scam",0.378,0
"2806","Scam",0.378,0
"2807","Scam",0.378,0
"2808","Scam",0.378,0
"2809","Scam",0.378,0
"2810","Scam",0.378,0
"2811","Scam",0.378,0
"2812","Scam",0.378,0
"2813","Scam",0.378,0
"2814","Scam",0.378,0
"2815","Scam",0.378,0
"2816","Scam",0.378,0
"2817","Scam",0.378,0
"2818","Scam",0.378,0
"2819","Scam",0.378,0
"2820","Scam",0.378,0
"2821","Scam",0.378,0
"2822","Scam",0.378,0
"2823","Scam",0.378,0
"2824","Scam",0.378,0
"2825","Scam",0.378,0
"2826","Scam",0.378,0
"2827","Scam",0.378,0
"2828","Scam",0.378,0
"2829","Scam",0.378,0
"2830","Scam",0.378,0
"2831","Scam",0.378,0
"2832","Scam",0.378,0
"2833","Scam",0.378,0
"2834","Scam",0.378,0
"2835","Scam",0.378,0
"2836","Scam",0.378,0
"2837","Scam",0.378,0
"2838","Scam",0.378,0
"2839","Scam",0.378,0
"2840","Scam",0.378,0
"2841","Scam",0.378,0
"2842","Scam",0.378,0
"2843","Scam",0.378,0
"2844","Scam",0.378,0
"2845","Scam",0.378,0
"2846","Scam",0.378,0
"2847","Scam",0.378,0
"2848","Scam",0.378,0
"2849","Scam",0.378,0
"2850","Scam",0.378,0
"2851","Scam",0.378,0
"2852","Scam",0.378,0
"2853","Scam",0.378,0
"2854","Scam",0.378,0
"2855","Scam",0.378,0
"2856","Scam",0.378,0
"2857","Scam",0.378,0
"2858","Scam",0.378,0
"2859","Scam",0.378,0
"2860","Scam",0.378,0
"2861","Scam",0.378,0
"2862","Scam",0.378,0
"2863","Scam",0.378,0
"2864","Scam",0.378,0
"2865","Scam",0.378,0
"2866","Scam",0.378,0
"2867","Scam",0.378,0
"2868","Scam",0.378,0
"2869","Scam",0.378,0
"2870","Scam",0.378,0
"2871","Scam",0.378,0
"2872","Scam",0.378,0
"2873","Scam",0.378,0
"2874","Scam",0.378,0
"2875","Scam",0.378,0
"2876","Scam",0.378,0
"2877","Scam",0.378,0
"2878","Scam",0.378,0
"2879","Scam",0.378,0
"2880","Scam",0.378,0
"2881","Scam",0.378,0
"2882","Scam",0.378,0
"2883","Scam",0.378,0
"2884","Scam",0.378,0
"2885","Scam",0.378,0
"2886","Scam",0.378,1
"2887","Scam",0.378,1
"2888","Scam",0.378,1
"2889","Scam",0.378,1
"2890","Scam",0.378,1
"2891","Scam",0.378,1
"2892","Scam",0.378,1
"2893","Scam",0.378,1
"2894","Scam",0.378,1
"2895","Scam",0.378,1
"2896","Scam",0.378,1
"2897","Scam",0.378,1
"2898","Scam",0.378,1
"2899","Scam",0.378,1
"2900","Scam",0.378,1
"2901","Scam",0.378,1
"2902","Scam",0.378,1
"2903","Scam",0.378,1
"2904","Scam",0.378,1
"2905","Scam",0.378,1
"2906","Scam",0.378,1
"2907","node29",0.518,0
"2908","node29",0.518,0
"2909","node29",0.518,0
"2910","node29",0.518,0
"2911","node29",0.518,0
"2912","node29",0.518,0
"2913","node29",0.518,0
"2914","node29",0.518,0
"2915","node29",0.518,0
"2916","node29",0.518,0
"2917","node29",0.518,0
"2918","node29",0.518,0
"2919","node29",0.518,0
"2920","node29",0.518,0
"2921","node29",0.518,0
"2922","node29",0.518,0
"2923","node29",0.518,0
"2924","node29",0.518,0
"2925","node29",0.518,0
"2926","node29",0.518,0
"2927","node29",0.518,0
"2928","node29",0.518,0
"2929","node29",0.518,0
"2930","node29",0.518,0
"2931","node29",0.518,0
"2932","node29",0.518,0
"2933","node29",0.518,0
"2934","node29",0.518,0
"2935","node29",0.518,0
"2936","node29",0.518,0
"2937","node29",0.518,0
"2938","node29",0.518,0
"2939","node29",0.518,0
"2940","node29",0.518,0
"2941","node29",0.518,0
"2942","node29",0.518,0
"2943","node29",0.518,0
"2944","node29",0.518,0
"2945","node29",0.518,0
"2946","node29",0.518,0
"2947","node29",0.518,0
"2948","node29",0.518,0
"2949","node29",0.518,0
"2950","node29",0.518,0
"2951","node29",0.518,0
"2952","node29",0.518,0
"2953","node29",0.518,0
"2954","node29",0.518,0
"2955","node29",0.518,0
"2956","node29",0.518,0
"2957","node29",0.518,0
"2958","node29",0.518,0
"2959","node29",0.518,0
"2960","node29",0.518,0
"2961","node29",0.518,0
"2962","node29",0.518,0
"2963","node29",0.518,0
"2964","node29",0.518,0
"2965","node29",0.518,0
"2966","node29",0.518,0
"2967","node29",0.518,0
"2968","node29",0.518,0
"2969","node29",0.518,0
"2970","node29",0.518,0
"2971","node29",0.518,0
"2972","node29",0.518,0
"2973","node29",0.518,0
"2974","node29",0.518,0
"2975","node29",0.518,0
"2976","node29",0.518,0
"2977","node29",0.518,0
"2978","node29",0.518,0
"2979","node29",0.518,0
"2980","node29",0.518,0
"2981","node29",0.518,0
"2982","node29",0.518,0
"2983","node29",0.518,0
"2984","node29",0.518,0
"2985","node29",0.518,0
"2986","node29",0.518,0
"2987","node29",0.518,0
"2988","node29",0.518,0
"2989","node29",0.518,0
"2990","node29",0.518,0
"2991","node29",0.518,0
"2992","node29",0.518,0
"2993","node29",0.518,0
"2994","node29",0.518,0
"2995","node29",0.518,0
"2996","node29",0.518,0
"2997","node29",0.518,0
"2998","node29",0.518,0
"2999","node29",0.518,0
"3000","node29",0.518,0
"3001","node29",0.518,0
"3002","node29",0.518,0
"3003","node29",0.518,0
"3004","node29",0.518,0
"3005","node29",0.518,0
"3006","node29",0.518,0
"3007","node29",0.518,0
"3008","node29",0.518,0
"3009","node29",0.518,0
"3010","node29",0.518,0
"3011","node29",0.518,0
"3012","node29",0.518,0
"3013","node29",0.518,0
"3014","node29",0.518,0
"3015","node29",0.518,0
"3016","node29",0.518,0
"3017","node29",0.518,0
"3018","node29",0.518,0
"3019","node29",0.518,0
"3020","node29",0.518,0
"3021","node29",0.518,0
"3022","node29",0.518,0
"3023","node29",0.518,0
"3024","node29",0.518,1
"3025","node29",0.518,1
"3026","node29",0.518,1
"3027","node29",0.518,1
"3028","node29",0.518,1
"3029","node29",0.518,1
"3030","node29",0.518,1
"3031","node29",0.518,1
"3032","node29",0.518,1
"3033","node29",0.518,1
"3034","node28",0.637,0
"3035","node28",0.637,0
"3036","node28",0.637,0
"3037","node28",0.637,0
"3038","node28",0.637,0
"3039","node28",0.637,0
"3040","node28",0.637,0
"3041","node28",0.637,0
"3042","node28",0.637,0
"3043","node28",0.637,0
"3044","node28",0.637,0
"3045","node28",0.637,0
"3046","node28",0.637,0
"3047","node28",0.637,0
"3048","node28",0.637,0
"3049","node28",0.637,0
"3050","node28",0.637,0
"3051","node28",0.637,0
"3052","node28",0.637,0
"3053","node28",0.637,0
"3054","node28",0.637,0
"3055","node28",0.637,0
"3056","node28",0.637,0
"3057","node28",0.637,0
"3058","node28",0.637,0
"3059","node28",0.637,0
"3060","node28",0.637,0
"3061","node28",0.637,0
"3062","node28",0.637,0
"3063","node28",0.637,0
"3064","node28",0.637,0
"3065","node28",0.637,0
"3066","node28",0.637,0
"3067","node28",0.637,0
"3068","node28",0.637,0
"3069","node28",0.637,0
"3070","node28",0.637,0
"3071","node28",0.637,0
"3072","node28",0.637,0
"3073","node28",0.637,0
"3074","node28",0.637,0
"3075","node28",0.637,0
"3076","node28",0.637,0
"3077","node28",0.637,0
"3078","node28",0.637,0
"3079","node28",0.637,0
"3080","node28",0.637,0
"3081","node28",0.637,0
"3082","node28",0.637,0
"3083","node28",0.637,0
"3084","node28",0.637,0
"3085","node28",0.637,0
"3086","node28",0.637,0
"3087","node28",0.637,0
"3088","node28",0.637,0
"3089","node28",0.637,0
"3090","node28",0.637,0
"3091","node28",0.637,0
"3092","node28",0.637,0
"3093","node28",0.637,0
"3094","node28",0.637,0
"3095","node28",0.637,0
"3096","node28",0.637,0
"3097","node28",0.637,0
"3098","node28",0.637,0
"3099","node28",0.637,0
"3100","node28",0.637,0
"3101","node28",0.637,0
"3102","node28",0.637,0
"3103","node28",0.637,0
"3104","node28",0.637,0
"3105","node28",0.637,0
"3106","node28",0.637,0
"3107","node28",0.637,0
"3108","node28",0.637,0
"3109","node28",0.637,0
"3110","node28",0.637,0
"3111","node28",0.637,0
"3112","node28",0.637,0
"3113","node28",0.637,0
"3114","node28",0.637,0
"3115","node28",0.637,0
"3116","node28",0.637,0
"3117","node28",0.637,0
"3118","node28",0.637,0
"3119","node28",0.637,0
"3120","node28",0.637,0
"3121","node28",0.637,0
"3122","node28",0.637,0
"3123","node28",0.637,0
"3124","node28",0.637,0
"3125","node28",0.637,0
"3126","node28",0.637,0
"3127","node28",0.637,0
"3128","node28",0.637,0
"3129","node28",0.637,0
"3130","node28",0.637,0
"3131","node28",0.637,0
"3132","node28",0.637,0
"3133","node28",0.637,0
"3134","node28",0.637,0
"3135","node28",0.637,0
"3136","node28",0.637,0
"3137","node28",0.637,0
"3138","node28",0.637,0
"3139","node28",0.637,0
"3140","node28",0.637,0
"3141","node28",0.637,0
"3142","node28",0.637,0
"3143","node28",0.637,0
"3144","node28",0.637,0
"3145","node28",0.637,0
"3146","node28",0.637,0
"3147","node28",0.637,0
"3148","node28",0.637,0
"3149","node28",0.637,0
"3150","node28",0.637,0
"3151","node28",0.637,0
"3152","node28",0.637,0
"3153","node28",0.637,0
"3154","node28",0.637,0
"3155","node28",0.637,0
"3156","node28",0.637,0
"3157","node28",0.637,0
"3158","node28",0.637,0
"3159","node28",0.637,0
"3160","node28",0.637,0
"3161","node28",0.637,0
"3162","node28",0.637,0
"3163","node28",0.637,0
"3164","node28",0.637,0
"3165","node28",0.637,0
"3166","node28",0.637,0
"3167","node28",0.637,0
"3168","node28",0.637,0
"3169","node28",0.637,0
"3170","node28",0.637,0
"3171","node28",0.637,0
"3172","node28",0.637,0
"3173","node28",0.637,0
"3174","node28",0.637,0
"3175","node28",0.637,0
"3176","node28",0.637,0
"3177","node28",0.637,0
"3178","node28",0.637,1
"3179","node28",0.637,1
"3180","node28",0.637,1
"3181","node28",0.637,1
"3182","node28",0.637,1
"3183","node28",0.637,1
"3184","node28",0.637,1
"3185","node28",0.637,1
"3186","node28",0.637,1
"3187","node28",0.637,1
"3188","node28",0.637,1
"3189","node28",0.637,1
"3190","node28",0.637,1
"3191","node28",0.637,1
"3192","node28",0.637,1
"3193","node28",0.637,1
"3194","node28",0.637,1
"3195","node28",0.637,1
"3196","node28",0.637,1
"3197","node28",0.637,1
"3198","node27",0.666,0
"3199","node27",0.666,0
"3200","node27",0.666,0
"3201","node27",0.666,0
"3202","node27",0.666,0
"3203","node27",0.666,0
"3204","node27",0.666,0
"3205","node27",0.666,0
"3206","node27",0.666,0
"3207","node27",0.666,0
"3208","node27",0.666,0
"3209","node27",0.666,0
"3210","node27",0.666,0
"3211","node27",0.666,0
"3212","node27",0.666,0
"3213","node27",0.666,0
"3214","node27",0.666,0
"3215","node27",0.666,0
"3216","node27",0.666,0
"3217","node27",0.666,0
"3218","node27",0.666,0
"3219","node27",0.666,0
"3220","node27",0.666,0
"3221","node27",0.666,0
"3222","node27",0.666,0
"3223","node27",0.666,0
"3224","node27",0.666,0
"3225","node27",0.666,0
"3226","node27",0.666,0
"3227","node27",0.666,0
"3228","node27",0.666,1
"3229","node27",0.666,1
"3230","node27",0.666,1
"3231","node27",0.666,1
"3232","node27",0.666,1
"3233","node27",0.666,1
"3234","node27",0.666,1
"3235","node26",0.977,0
"3236","node26",0.977,0
"3237","node26",0.977,0
"3238","node26",0.977,0
"3239","node26",0.977,0
"3240","node26",0.977,0
"3241","node26",0.977,0
"3242","node26",0.977,0
"3243","node26",0.977,0
"3244","node26",0.977,0
"3245","node26",0.977,0
"3246","node26",0.977,0
"3247","node26",0.977,0
"3248","node26",0.977,0
"3249","node26",0.977,0
"3250","node26",0.977,0
"3251","node26",0.977,0
"3252","node26",0.977,0
"3253","node26",0.977,0
"3254","node26",0.977,0
"3255","node26",0.977,0
"3256","node26",0.977,0
"3257","node26",0.977,0
"3258","node26",0.977,0
"3259","node26",0.977,0
"3260","node26",0.977,0
"3261","node26",0.977,0
"3262","node26",0.977,0
"3263","node26",0.977,0
"3264","node26",0.977,0
"3265","node26",0.977,0
"3266","node26",0.977,0
"3267","node26",0.977,0
"3268","node26",0.977,0
"3269","node26",0.977,0
"3270","node26",0.977,0
"3271","node26",0.977,0
"3272","node26",0.977,0
"3273","node26",0.977,0
"3274","node26",0.977,0
"3275","node26",0.977,0
"3276","node26",0.977,0
"3277","node26",0.977,0
"3278","node26",0.977,0
"3279","node26",0.977,0
"3280","node26",0.977,0
"3281","node26",0.977,0
"3282","node26",0.977,0
"3283","node26",0.977,0
"3284","node26",0.977,0
"3285","node26",0.977,0
"3286","node26",0.977,0
"3287","node26",0.977,0
"3288","node26",0.977,0
"3289","node26",0.977,0
"3290","node26",0.977,0
"3291","node26",0.977,0
"3292","node26",0.977,0
"3293","node26",0.977,0
"3294","node26",0.977,0
"3295","node26",0.977,0
"3296","node26",0.977,0
"3297","node26",0.977,0
"3298","node26",0.977,0
"3299","node26",0.977,0
"3300","node26",0.977,0
"3301","node26",0.977,0
"3302","node26",0.977,0
"3303","node26",0.977,0
"3304","node26",0.977,0
"3305","node26",0.977,0
"3306","node26",0.977,0
"3307","node26",0.977,0
"3308","node26",0.977,0
"3309","node26",0.977,0
"3310","node26",0.977,0
"3311","node26",0.977,0
"3312","node26",0.977,0
"3313","node26",0.977,0
"3314","node26",0.977,0
"3315","node26",0.977,0
"3316","node26",0.977,0
"3317","node26",0.977,0
"3318","node26",0.977,0
"3319","node26",0.977,0
"3320","node26",0.977,0
"3321","node26",0.977,0
"3322","node26",0.977,0
"3323","node26",0.977,0
"3324","node26",0.977,0
"3325","node26",0.977,0
"3326","node26",0.977,0
"3327","node26",0.977,0
"3328","node26",0.977,0
"3329","node26",0.977,0
"3330","node26",0.977,0
"3331","node26",0.977,0
"3332","node26",0.977,0
"3333","node26",0.977,0
"3334","node26",0.977,0
"3335","node26",0.977,0
"3336","node26",0.977,0
"3337","node26",0.977,0
"3338","node26",0.977,0
"3339","node26",0.977,0
"3340","node26",0.977,0
"3341","node26",0.977,0
"3342","node26",0.977,0
"3343","node26",0.977,0
"3344","node26",0.977,0
"3345","node26",0.977,0
"3346","node26",0.977,0
"3347","node26",0.977,0
"3348","node26",0.977,1
"3349","node26",0.977,1
"3350","node26",0.977,1
"3351","node26",0.977,1
"3352","node26",0.977,1
"3353","node26",0.977,1
"3354","node26",0.977,1
"3355","node26",0.977,1
"3356","node26",0.977,1
"3357","node26",0.977,1
"3358","node26",0.977,1
"3359","node25",0.932,0
"3360","node25",0.932,0
"3361","node25",0.932,0
"3362","node25",0.932,0
"3363","node25",0.932,0
"3364","node25",0.932,0
"3365","node25",0.932,0
"3366","node25",0.932,0
"3367","node25",0.932,0
"3368","node25",0.932,0
"3369","node25",0.932,0
"3370","node25",0.932,0
"3371","node25",0.932,0
"3372","node25",0.932,0
"3373","node25",0.932,0
"3374","node25",0.932,0
"3375","node25",0.932,0
"3376","node25",0.932,0
"3377","node25",0.932,0
"3378","node25",0.932,0
"3379","node25",0.932,0
"3380","node25",0.932,0
"3381","node25",0.932,0
"3382","node25",0.932,0
"3383","node25",0.932,0
"3384","node25",0.932,0
"3385","node25",0.932,0
"3386","node25",0.932,0
"3387","node25",0.932,0
"3388","node25",0.932,0
"3389","node25",0.932,0
"3390","node25",0.932,0
"3391","node25",0.932,0
"3392","node25",0.932,0
"3393","node25",0.932,0
"3394","node25",0.932,0
"3395","node25",0.932,0
"3396","node25",0.932,0
"3397","node25",0.932,0
"3398","node25",0.932,0
"3399","node25",0.932,0
"3400","node25",0.932,0
"3401","node25",0.932,0
"3402","node25",0.932,0
"3403","node25",0.932,0
"3404","node25",0.932,0
"3405","node25",0.932,0
"3406","node25",0.932,0
"3407","node25",0.932,0
"3408","node25",0.932,0
"3409","node25",0.932,0
"3410","node25",0.932,0
"3411","node25",0.932,0
"3412","node25",0.932,0
"3413","node25",0.932,0
"3414","node25",0.932,0
"3415","node25",0.932,0
"3416","node25",0.932,0
"3417","node25",0.932,0
"3418","node25",0.932,0
"3419","node25",0.932,0
"3420","node25",0.932,0
"3421","node25",0.932,0
"3422","node25",0.932,0
"3423","node25",0.932,0
"3424","node25",0.932,0
"3425","node25",0.932,0
"3426","node25",0.932,0
"3427","node25",0.932,0
"3428","node25",0.932,0
"3429","node25",0.932,0
"3430","node25",0.932,0
"3431","node25",0.932,0
"3432","node25",0.932,0
"3433","node25",0.932,0
"3434","node25",0.932,0
"3435","node25",0.932,0
"3436","node25",0.932,0
"3437","node25",0.932,0
"3438","node25",0.932,0
"3439","node25",0.932,0
"3440","node25",0.932,0
"3441","node25",0.932,0
"3442","node25",0.932,0
"3443","node25",0.932,0
"3444","node25",0.932,0
"3445","node25",0.932,0
"3446","node25",0.932,0
"3447","node25",0.932,0
"3448","node25",0.932,0
"3449","node25",0.932,0
"3450","node25",0.932,0
"3451","node25",0.932,0
"3452","node25",0.932,0
"3453","node25",0.932,0
"3454","node25",0.932,0
"3455","node25",0.932,0
"3456","node25",0.932,0
"3457","node25",0.932,0
"3458","node25",0.932,0
"3459","node25",0.932,0
"3460","node25",0.932,0
"3461","node25",0.932,0
"3462","node25",0.932,0
"3463","node25",0.932,0
"3464","node25",0.932,0
"3465","node25",0.932,0
"3466","node25",0.932,0
"3467","node25",0.932,0
"3468","node25",0.932,0
"3469","node25",0.932,0
"3470","node25",0.932,0
"3471","node25",0.932,0
"3472","node25",0.932,0
"3473","node25",0.932,0
"3474","node25",0.932,0
"3475","node25",0.932,0
"3476","node25",0.932,0
"3477","node25",0.932,0
"3478","node25",0.932,0
"3479","node25",0.932,0
"3480","node25",0.932,0
"3481","node25",0.932,0
"3482","node25",0.932,0
"3483","node25",0.932,0
"3484","node25",0.932,0
"3485","node25",0.932,0
"3486","node25",0.932,0
"3487","node25",0.932,0
"3488","node25",0.932,0
"3489","node25",0.932,0
"3490","node25",0.932,0
"3491","node25",0.932,0
"3492","node25",0.932,0
"3493","node25",0.932,0
"3494","node25",0.932,0
"3495","node25",0.932,0
"3496","node25",0.932,0
"3497","node25",0.932,0
"3498","node25",0.932,0
"3499","node25",0.932,0
"3500","node25",0.932,0
"3501","node25",0.932,0
"3502","node25",0.932,0
"3503","node25",0.932,0
"3504","node25",0.932,0
"3505","node25",0.932,0
"3506","node25",0.932,0
"3507","node25",0.932,0
"3508","node25",0.932,0
"3509","node25",0.932,0
"3510","node25",0.932,0
"3511","node25",0.932,1
"3512","node25",0.932,1
"3513","node25",0.932,1
"3514","node25",0.932,1
"3515","node25",0.932,1
"3516","node25",0.932,1
"3517","node25",0.932,1
"3518","node25",0.932,1
"3519","node25",0.932,1
"3520","node25",0.932,1
"3521","node25",0.932,1
"3522","node25",0.932,1
"3523","node25",0.932,1
"3524","node25",0.932,1
"3525","node25",0.932,1
"3526","node25",0.932,1
"3527","node25",0.932,1
"3528","node25",0.932,1
"3529","node25",0.932,1
"3530","node25",0.932,1
"3531","node25",0.932,1
"3532","node25",0.932,1
"3533","node25",0.932,1
"3534","node24",0.775,0
"3535","node24",0.775,0
"3536","node24",0.775,0
"3537","node24",0.775,0
"3538","node24",0.775,0
"3539","node24",0.775,0
"3540","node24",0.775,0
"3541","node24",0.775,0
"3542","node24",0.775,0
"3543","node24",0.775,0
"3544","node24",0.775,0
"3545","node24",0.775,0
"3546","node24",0.775,0
"3547","node24",0.775,0
"3548","node24",0.775,0
"3549","node24",0.775,0
"3550","node24",0.775,0
"3551","node24",0.775,0
"3552","node24",0.775,0
"3553","node24",0.775,0
"3554","node24",0.775,0
"3555","node24",0.775,0
"3556","node24",0.775,0
"3557","node24",0.775,0
"3558","node24",0.775,0
"3559","node24",0.775,0
"3560","node24",0.775,0
"3561","node24",0.775,0
"3562","node24",0.775,0
"3563","node24",0.775,0
"3564","node24",0.775,0
"3565","node24",0.775,0
"3566","node24",0.775,0
"3567","node24",0.775,0
"3568","node24",0.775,0
"3569","node24",0.775,0
"3570","node24",0.775,0
"3571","node24",0.775,0
"3572","node24",0.775,0
"3573","node24",0.775,0
"3574","node24",0.775,0
"3575","node24",0.775,0
"3576","node24",0.775,0
"3577","node24",0.775,0
"3578","node24",0.775,0
"3579","node24",0.775,0
"3580","node24",0.775,0
"3581","node24",0.775,0
"3582","node24",0.775,0
"3583","node24",0.775,0
"3584","node24",0.775,0
"3585","node24",0.775,0
"3586","node24",0.775,0
"3587","node24",0.775,0
"3588","node24",0.775,1
"3589","node24",0.775,1
"3590","node24",0.775,1
"3591","node24",0.775,1
"3592","node24",0.775,1
"3593","node24",0.775,1
"3594","node24",0.775,1
"3595","node23",0.561,0
"3596","node23",0.561,0
"3597","node23",0.561,0
"3598","node23",0.561,0
"3599","node23",0.561,0
"3600","node23",0.561,0
"3601","node23",0.561,0
"3602","node23",0.561,0
"3603","node23",0.561,0
"3604","node23",0.561,0
"3605","node23",0.561,0
"3606","node23",0.561,0
"3607","node23",0.561,0
"3608","node23",0.561,0
"3609","node23",0.561,0
"3610","node23",0.561,0
"3611","node23",0.561,0
"3612","node23",0.561,0
"3613","node23",0.561,0
"3614","node23",0.561,0
"3615","node23",0.561,0
"3616","node23",0.561,0
"3617","node23",0.561,0
"3618","node23",0.561,0
"3619","node23",0.561,0
"3620","node23",0.561,0
"3621","node23",0.561,0
"3622","node23",0.561,0
"3623","node23",0.561,0
"3624","node23",0.561,0
"3625","node23",0.561,0
"3626","node23",0.561,0
"3627","node23",0.561,0
"3628","node23",0.561,0
"3629","node23",0.561,0
"3630","node23",0.561,0
"3631","node23",0.561,0
"3632","node23",0.561,0
"3633","node23",0.561,0
"3634","node23",0.561,0
"3635","node23",0.561,0
"3636","node23",0.561,0
"3637","node23",0.561,0
"3638","node23",0.561,0
"3639","node23",0.561,0
"3640","node23",0.561,0
"3641","node23",0.561,0
"3642","node23",0.561,0
"3643","node23",0.561,0
"3644","node23",0.561,0
"3645","node23",0.561,0
"3646","node23",0.561,0
"3647","node23",0.561,0
"3648","node23",0.561,0
"3649","node23",0.561,0
"3650","node23",0.561,0
"3651","node23",0.561,0
"3652","node23",0.561,0
"3653","node23",0.561,0
"3654","node23",0.561,1
"3655","node23",0.561,1
"3656","node23",0.561,1
"3657","node23",0.561,1
"3658","node23",0.561,1
"3659","node23",0.561,1
"3660","node23",0.561,1
"3661","node23",0.561,1
"3662","node23",0.561,1
"3663","node23",0.561,1
"3664","node23",0.561,1
"3665","node23",0.561,1
"3666","node23",0.561,1
"3667","node23",0.561,1
"3668","node23",0.561,1
"3669","node23",0.561,1
"3670","node22",0.687,0
"3671","node22",0.687,0
"3672","node22",0.687,0
"3673","node22",0.687,0
"3674","node22",0.687,0
"3675","node22",0.687,0
"3676","node22",0.687,0
"3677","node22",0.687,0
"3678","node22",0.687,0
"3679","node22",0.687,0
"3680","node22",0.687,0
"3681","node22",0.687,0
"3682","node22",0.687,0
"3683","node22",0.687,0
"3684","node22",0.687,0
"3685","node22",0.687,0
"3686","node22",0.687,0
"3687","node22",0.687,0
"3688","node22",0.687,0
"3689","node22",0.687,0
"3690","node22",0.687,0
"3691","node22",0.687,0
"3692","node22",0.687,0
"3693","node22",0.687,0
"3694","node22",0.687,0
"3695","node22",0.687,0
"3696","node22",0.687,0
"3697","node22",0.687,0
"3698","node22",0.687,1
"3699","node22",0.687,1
"3700","node22",0.687,1
"3701","node22",0.687,1
"3702","node21",0.636,0
"3703","node21",0.636,0
"3704","node21",0.636,0
"3705","node21",0.636,0
"3706","node21",0.636,0
"3707","node21",0.636,0
"3708","node21",0.636,0
"3709","node21",0.636,0
"3710","node21",0.636,0
"3711","node21",0.636,0
"3712","node21",0.636,0
"3713","node21",0.636,0
"3714","node21",0.636,0
"3715","node21",0.636,0
"3716","node21",0.636,0
"3717","node21",0.636,0
"3718","node21",0.636,0
"3719","node21",0.636,0
"3720","node21",0.636,0
"3721","node21",0.636,0
"3722","node21",0.636,0
"3723","node21",0.636,0
"3724","node21",0.636,0
"3725","node21",0.636,0
"3726","node21",0.636,0
"3727","node21",0.636,0
"3728","node21",0.636,0
"3729","node21",0.636,0
"3730","node21",0.636,0
"3731","node21",0.636,0
"3732","node21",0.636,0
"3733","node21",0.636,0
"3734","node21",0.636,0
"3735","node21",0.636,0
"3736","node21",0.636,0
"3737","node21",0.636,0
"3738","node21",0.636,0
"3739","node21",0.636,0
"3740","node21",0.636,0
"3741","node21",0.636,0
"3742","node21",0.636,0
"3743","node21",0.636,0
"3744","node21",0.636,0
"3745","node21",0.636,0
"3746","node21",0.636,0
"3747","node21",0.636,0
"3748","node21",0.636,0
"3749","node21",0.636,0
"3750","node21",0.636,0
"3751","node21",0.636,0
"3752","node21",0.636,0
"3753","node21",0.636,0
"3754","node21",0.636,0
"3755","node21",0.636,0
"3756","node21",0.636,0
"3757","node21",0.636,0
"3758","node21",0.636,0
"3759","node21",0.636,0
"3760","node21",0.636,0
"3761","node21",0.636,0
"3762","node21",0.636,0
"3763","node21",0.636,0
"3764","node21",0.636,0
"3765","node21",0.636,0
"3766","node21",0.636,0
"3767","node21",0.636,0
"3768","node21",0.636,0
"3769","node21",0.636,0
"3770","node21",0.636,0
"3771","node21",0.636,0
"3772","node21",0.636,0
"3773","node21",0.636,0
"3774","node21",0.636,0
"3775","node21",0.636,0
"3776","node21",0.636,0
"3777","node21",0.636,0
"3778","node21",0.636,0
"3779","node21",0.636,0
"3780","node21",0.636,0
"3781","node21",0.636,0
"3782","node21",0.636,0
"3783","node21",0.636,0
"3784","node21",0.636,0
"3785","node21",0.636,0
"3786","node21",0.636,0
"3787","node21",0.636,0
"3788","node21",0.636,0
"3789","node21",0.636,0
"3790","node21",0.636,0
"3791","node21",0.636,0
"3792","node21",0.636,0
"3793","node21",0.636,0
"3794","node21",0.636,0
"3795","node21",0.636,0
"3796","node21",0.636,0
"3797","node21",0.636,0
"3798","node21",0.636,0
"3799","node21",0.636,0
"3800","node21",0.636,0
"3801","node21",0.636,0
"3802","node21",0.636,0
"3803","node21",0.636,0
"3804","node21",0.636,0
"3805","node21",0.636,0
"3806","node21",0.636,0
"3807","node21",0.636,0
"3808","node21",0.636,0
"3809","node21",0.636,0
"3810","node21",0.636,0
"3811","node21",0.636,0
"3812","node21",0.636,0
"3813","node21",0.636,0
"3814","node21",0.636,0
"3815","node21",0.636,0
"3816","node21",0.636,0
"3817","node21",0.636,0
"3818","node21",0.636,0
"3819","node21",0.636,0
"3820","node21",0.636,0
"3821","node21",0.636,0
"3822","node21",0.636,0
"3823","node21",0.636,0
"3824","node21",0.636,0
"3825","node21",0.636,0
"3826","node21",0.636,0
"3827","node21",0.636,0
"3828","node21",0.636,0
"3829","node21",0.636,0
"3830","node21",0.636,0
"3831","node21",0.636,0
"3832","node21",0.636,0
"3833","node21",0.636,0
"3834","node21",0.636,0
"3835","node21",0.636,0
"3836","node21",0.636,0
"3837","node21",0.636,0
"3838","node21",0.636,0
"3839","node21",0.636,0
"3840","node21",0.636,0
"3841","node21",0.636,0
"3842","node21",0.636,0
"3843","node21",0.636,0
"3844","node21",0.636,0
"3845","node21",0.636,0
"3846","node21",0.636,0
"3847","node21",0.636,0
"3848","node21",0.636,0
"3849","node21",0.636,0
"3850","node21",0.636,0
"3851","node21",0.636,0
"3852","node21",0.636,0
"3853","node21",0.636,0
"3854","node21",0.636,0
"3855","node21",0.636,0
"3856","node21",0.636,0
"3857","node21",0.636,0
"3858","node21",0.636,0
"3859","node21",0.636,0
"3860","node21",0.636,0
"3861","node21",0.636,1
"3862","node21",0.636,1
"3863","node21",0.636,1
"3864","node21",0.636,1
"3865","node21",0.636,1
"3866","node21",0.636,1
"3867","node21",0.636,1
"3868","node21",0.636,1
"3869","node21",0.636,1
"3870","node21",0.636,1
"3871","node21",0.636,1
"3872","node21",0.636,1
"3873","node21",0.636,1
"3874","node21",0.636,1
"3875","node21",0.636,1
"3876","node21",0.636,1
"3877","node21",0.636,1
"3878","node21",0.636,1
"3879","node21",0.636,1
"3880","node21",0.636,1
"3881","node21",0.636,1
"3882","node21",0.636,1
"3883","node21",0.636,1
"3884","node21",0.636,1
"3885","node20",0.26,0
"3886","node20",0.26,0
"3887","node20",0.26,0
"3888","node20",0.26,0
"3889","node20",0.26,0
"3890","node20",0.26,0
"3891","node20",0.26,0
"3892","node20",0.26,0
"3893","node20",0.26,0
"3894","node20",0.26,0
"3895","node20",0.26,0
"3896","node20",0.26,0
"3897","node20",0.26,0
"3898","node20",0.26,0
"3899","node20",0.26,0
"3900","node20",0.26,0
"3901","node20",0.26,0
"3902","node20",0.26,0
"3903","node20",0.26,0
"3904","node20",0.26,0
"3905","node20",0.26,0
"3906","node20",0.26,0
"3907","node20",0.26,0
"3908","node20",0.26,0
"3909","node20",0.26,0
"3910","node20",0.26,0
"3911","node20",0.26,0
"3912","node20",0.26,0
"3913","node20",0.26,0
"3914","node20",0.26,0
"3915","node20",0.26,0
"3916","node20",0.26,0
"3917","node20",0.26,0
"3918","node20",0.26,0
"3919","node20",0.26,0
"3920","node20",0.26,0
"3921","node20",0.26,0
"3922","node20",0.26,0
"3923","node20",0.26,0
"3924","node20",0.26,0
"3925","node20",0.26,0
"3926","node20",0.26,0
"3927","node20",0.26,0
"3928","node20",0.26,1
"3929","node20",0.26,1
"3930","node20",0.26,1
"3931","node19",0.26,0
"3932","node19",0.26,0
"3933","node19",0.26,0
"3934","node19",0.26,0
"3935","node19",0.26,0
"3936","node19",0.26,0
"3937","node19",0.26,0
"3938","node19",0.26,0
"3939","node19",0.26,0
"3940","node19",0.26,0
"3941","node19",0.26,0
"3942","node19",0.26,0
"3943","node19",0.26,0
"3944","node19",0.26,0
"3945","node19",0.26,0
"3946","node19",0.26,0
"3947","node19",0.26,0
"3948","node19",0.26,0
"3949","node19",0.26,0
"3950","node19",0.26,0
"3951","node19",0.26,0
"3952","node19",0.26,0
"3953","node19",0.26,0
"3954","node19",0.26,0
"3955","node19",0.26,0
"3956","node19",0.26,0
"3957","node19",0.26,0
"3958","node19",0.26,0
"3959","node19",0.26,0
"3960","node19",0.26,0
"3961","node19",0.26,0
"3962","node19",0.26,0
"3963","node19",0.26,0
"3964","node19",0.26,0
"3965","node19",0.26,0
"3966","node19",0.26,0
"3967","node19",0.26,0
"3968","node19",0.26,0
"3969","node19",0.26,0
"3970","node19",0.26,0
"3971","node19",0.26,0
"3972","node19",0.26,0
"3973","node19",0.26,0
"3974","node19",0.26,0
"3975","node19",0.26,0
"3976","node19",0.26,0
"3977","node19",0.26,0
"3978","node19",0.26,0
"3979","node19",0.26,0
"3980","node19",0.26,0
"3981","node19",0.26,0
"3982","node19",0.26,0
"3983","node19",0.26,0
"3984","node19",0.26,0
"3985","node19",0.26,0
"3986","node19",0.26,0
"3987","node19",0.26,0
"3988","node19",0.26,0
"3989","node19",0.26,0
"3990","node19",0.26,0
"3991","node19",0.26,0
"3992","node19",0.26,0
"3993","node19",0.26,0
"3994","node19",0.26,0
"3995","node19",0.26,0
"3996","node19",0.26,0
"3997","node19",0.26,0
"3998","node19",0.26,0
"3999","node19",0.26,0
"4000","node19",0.26,1
"4001","node19",0.26,1
"4002","node19",0.26,1
"4003","node19",0.26,1
"4004","node19",0.26,1
"4005","node19",0.26,1
"4006","node19",0.26,1
"4007","node18",0.238,0
"4008","node18",0.238,0
"4009","node18",0.238,0
"4010","node18",0.238,0
"4011","node18",0.238,0
"4012","node18",0.238,0
"4013","node18",0.238,0
"4014","node18",0.238,0
"4015","node18",0.238,0
"4016","node18",0.238,0
"4017","node18",0.238,0
"4018","node18",0.238,0
"4019","node18",0.238,0
"4020","node18",0.238,0
"4021","node18",0.238,0
"4022","node18",0.238,0
"4023","node18",0.238,0
"4024","node18",0.238,0
"4025","node18",0.238,0
"4026","node18",0.238,0
"4027","node18",0.238,0
"4028","node18",0.238,0
"4029","node18",0.238,0
"4030","node18",0.238,0
"4031","node18",0.238,0
"4032","node18",0.238,0
"4033","node18",0.238,0
"4034","node18",0.238,0
"4035","node18",0.238,0
"4036","node18",0.238,0
"4037","node18",0.238,0
"4038","node18",0.238,0
"4039","node18",0.238,0
"4040","node18",0.238,0
"4041","node18",0.238,0
"4042","node18",0.238,0
"4043","node18",0.238,0
"4044","node18",0.238,0
"4045","node18",0.238,0
"4046","node18",0.238,0
"4047","node18",0.238,0
"4048","node18",0.238,0
"4049","node18",0.238,0
"4050","node18",0.238,0
"4051","node18",0.238,0
"4052","node18",0.238,0
"4053","node18",0.238,0
"4054","node18",0.238,0
"4055","node18",0.238,0
"4056","node18",0.238,0
"4057","node18",0.238,0
"4058","node18",0.238,0
"4059","node18",0.238,0
"4060","node18",0.238,0
"4061","node18",0.238,0
"4062","node18",0.238,0
"4063","node18",0.238,0
"4064","node18",0.238,0
"4065","node18",0.238,0
"4066","node18",0.238,0
"4067","node18",0.238,0
"4068","node18",0.238,0
"4069","node18",0.238,0
"4070","node18",0.238,0
"4071","node18",0.238,0
"4072","node18",0.238,0
"4073","node18",0.238,0
"4074","node18",0.238,0
"4075","node18",0.238,0
"4076","node18",0.238,0
"4077","node18",0.238,0
"4078","node18",0.238,0
"4079","node18",0.238,0
"4080","node18",0.238,0
"4081","node18",0.238,0
"4082","node18",0.238,0
"4083","node18",0.238,0
"4084","node18",0.238,0
"4085","node18",0.238,0
"4086","node18",0.238,0
"4087","node18",0.238,0
"4088","node18",0.238,0
"4089","node18",0.238,0
"4090","node18",0.238,0
"4091","node18",0.238,0
"4092","node18",0.238,0
"4093","node18",0.238,0
"4094","node18",0.238,0
"4095","node18",0.238,0
"4096","node18",0.238,0
"4097","node18",0.238,0
"4098","node18",0.238,0
"4099","node18",0.238,0
"4100","node18",0.238,0
"4101","node18",0.238,0
"4102","node18",0.238,0
"4103","node18",0.238,0
"4104","node18",0.238,0
"4105","node18",0.238,0
"4106","node18",0.238,0
"4107","node18",0.238,0
"4108","node18",0.238,0
"4109","node18",0.238,0
"4110","node18",0.238,0
"4111","node18",0.238,0
"4112","node18",0.238,0
"4113","node18",0.238,0
"4114","node18",0.238,0
"4115","node18",0.238,0
"4116","node18",0.238,0
"4117","node18",0.238,0
"4118","node18",0.238,0
"4119","node18",0.238,0
"4120","node18",0.238,0
"4121","node18",0.238,0
"4122","node18",0.238,0
"4123","node18",0.238,0
"4124","node18",0.238,0
"4125","node18",0.238,0
"4126","node18",0.238,0
"4127","node18",0.238,0
"4128","node18",0.238,0
"4129","node18",0.238,0
"4130","node18",0.238,1
